A1,A2,A3,A4,A5,A6,A7,A8,A9,A10,A11,A12,A13,A14,A15,A16,A17,A18,A19,A20,Outcome
6,148,,,,,,,,,,,,,,,,,,,1
1,85,,,,,,,,,,,,,,,,,,,2
8,183,,,,,,,,,,,,,,,,,,,3
1,89,,,,,,,,,,,,,,,,,,,4
0,137,,,,,,,,,,,,,,,,,,,5
5,116,,,,,,,,,,,,,,,,,,,6
3,78,,,,,,,,,,,,,,,,,,,7
10,115,,,,,,,,,,,,,,,,,,,8
2,197,,,,,,,,,,,,,,,,,,,9
8,125,,,,,,,,,,,,,,,,,,,10
4,,92,,,,,,,,,,,,,,,,,,11
10,,74,,,,,,,,,,,,,,,,,,12
10,,80,,,,,,,,,,,,,,,,,,13
1,,60,,,,,,,,,,,,,,,,,,14
5,,72,,,,,,,,,,,,,,,,,,15
7,,0,,,,,,,,,,,,,,,,,,16
0,,84,,,,,,,,,,,,,,,,,,17
7,,74,,,,,,,,,,,,,,,,,,18
1,,30,,,,,,,,,,,,,,,,,,19
1,,70,,,,,,,,,,,,,,,,,,20
126,,,88,,,,,,,,,,,,,,,,,21
99,,,84,,,,,,,,,,,,,,,,,22
196,,,90,,,,,,,,,,,,,,,,,23
119,,,80,,,,,,,,,,,,,,,,,24
143,,,94,,,,,,,,,,,,,,,,,25
125,,,70,,,,,,,,,,,,,,,,,26
147,,,76,,,,,,,,,,,,,,,,,27
97,,,66,,,,,,,,,,,,,,,,,28
145,,,82,,,,,,,,,,,,,,,,,29
117,,,92,,,,,,,,,,,,,,,,,30
88,,,,88,,,,,,,,,,,,,,,,31
84,,,,84,,,,,,,,,,,,,,,,32
90,,,,90,,,,,,,,,,,,,,,,33
80,,,,80,,,,,,,,,,,,,,,,34
94,,,,94,,,,,,,,,,,,,,,,35
70,,,,70,,,,,,,,,,,,,,,,36
76,,,,76,,,,,,,,,,,,,,,,37
66,,,,66,,,,,,,,,,,,,,,,38
82,,,,82,,,,,,,,,,,,,,,,39
92,,,,92,,,,,,,,,,,,,,,,40
88,,,,,88,,,,,,,,,,,,,,,41
84,,,,,84,,,,,,,,,,,,,,,42
90,,,,,90,,,,,,,,,,,,,,,43
80,,,,,80,,,,,,,,,,,,,,,44
94,,,,,94,,,,,,,,,,,,,,,45
70,,,,,70,,,,,,,,,,,,,,,46
76,,,,,76,,,,,,,,,,,,,,,47
66,,,,,66,,,,,,,,,,,,,,,48
82,,,,,82,,,,,,,,,,,,,,,49
92,,,,,92,,,,,,,,,,,,,,,50
88,,,,,,88,,,,,,,,,,,,,,51
84,,,,,,84,,,,,,,,,,,,,,52
90,,,,,,90,,,,,,,,,,,,,,53
80,,,,,,80,,,,,,,,,,,,,,54
94,,,,,,94,,,,,,,,,,,,,,55
70,,,,,,70,,,,,,,,,,,,,,56
76,,,,,,76,,,,,,,,,,,,,,57
66,,,,,,66,,,,,,,,,,,,,,58
82,,,,,,82,,,,,,,,,,,,,,59
92,,,,,,92,,,,,,,,,,,,,,60
88,,,,,,,88,,,,,,,,,,,,,61
84,,,,,,,84,,,,,,,,,,,,,62
90,,,,,,,90,,,,,,,,,,,,,63
80,,,,,,,80,,,,,,,,,,,,,64
94,,,,,,,94,,,,,,,,,,,,,65
70,,,,,,,70,,,,,,,,,,,,,66
76,,,,,,,76,,,,,,,,,,,,,67
66,,,,,,,66,,,,,,,,,,,,,68
82,,,,,,,82,,,,,,,,,,,,,69
92,,,,,,,92,,,,,,,,,,,,,70
88,,,,,,,,88,,,,,,,,,,,,71
84,,,,,,,,84,,,,,,,,,,,,72
90,,,,,,,,90,,,,,,,,,,,,73
80,,,,,,,,80,,,,,,,,,,,,74
94,,,,,,,,94,,,,,,,,,,,,75
70,,,,,,,,70,,,,,,,,,,,,76
76,,,,,,,,76,,,,,,,,,,,,77
66,,,,,,,,66,,,,,,,,,,,,78
82,,,,,,,,82,,,,,,,,,,,,79
92,,,,,,,,92,,,,,,,,,,,,80
88,,,,,,,,,88,,,,,,,,,,,81
84,,,,,,,,,84,,,,,,,,,,,82
90,,,,,,,,,90,,,,,,,,,,,83
80,,,,,,,,,80,,,,,,,,,,,84
94,,,,,,,,,94,,,,,,,,,,,85
70,,,,,,,,,70,,,,,,,,,,,86
76,,,,,,,,,76,,,,,,,,,,,87
66,,,,,,,,,66,,,,,,,,,,,88
82,,,,,,,,,82,,,,,,,,,,,89
92,,,,,,,,,92,,,,,,,,,,,90
88,,,,,,,,,,88,,,,,,,,,,91
84,,,,,,,,,,84,,,,,,,,,,92
90,,,,,,,,,,90,,,,,,,,,,93
80,,,,,,,,,,80,,,,,,,,,,94
94,,,,,,,,,,94,,,,,,,,,,95
70,,,,,,,,,,70,,,,,,,,,,96
76,,,,,,,,,,76,,,,,,,,,,97
66,,,,,,,,,,66,,,,,,,,,,98
82,,,,,,,,,,82,,,,,,,,,,99
92,,,,,,,,,,92,,,,,,,,,,100
88,,,,,,,,,,,88,,,,,,,,,101
84,,,,,,,,,,,84,,,,,,,,,102
90,,,,,,,,,,,90,,,,,,,,,103
80,,,,,,,,,,,80,,,,,,,,,104
94,,,,,,,,,,,94,,,,,,,,,105
70,,,,,,,,,,,70,,,,,,,,,106
76,,,,,,,,,,,76,,,,,,,,,107
66,,,,,,,,,,,66,,,,,,,,,108
82,,,,,,,,,,,82,,,,,,,,,109
92,,,,,,,,,,,92,,,,,,,,,110
88,,,,,,,,,,,,88,,,,,,,,111
84,,,,,,,,,,,,84,,,,,,,,112
90,,,,,,,,,,,,90,,,,,,,,113
80,,,,,,,,,,,,80,,,,,,,,114
94,,,,,,,,,,,,94,,,,,,,,115
70,,,,,,,,,,,,70,,,,,,,,116
76,,,,,,,,,,,,76,,,,,,,,117
66,,,,,,,,,,,,66,,,,,,,,118
82,,,,,,,,,,,,82,,,,,,,,119
92,,,,,,,,,,,,92,,,,,,,,120
88,,,,,,,,,,,,,88,,,,,,,121
84,,,,,,,,,,,,,84,,,,,,,122
90,,,,,,,,,,,,,90,,,,,,,123
80,,,,,,,,,,,,,80,,,,,,,124
94,,,,,,,,,,,,,94,,,,,,,125
70,,,,,,,,,,,,,70,,,,,,,126
76,,,,,,,,,,,,,76,,,,,,,127
66,,,,,,,,,,,,,66,,,,,,,128
82,,,,,,,,,,,,,82,,,,,,,129
92,,,,,,,,,,,,,92,,,,,,,130
88,,,,,,,,,,,,,,88,,,,,,131
84,,,,,,,,,,,,,,84,,,,,,132
90,,,,,,,,,,,,,,90,,,,,,133
80,,,,,,,,,,,,,,80,,,,,,134
94,,,,,,,,,,,,,,94,,,,,,135
70,,,,,,,,,,,,,,70,,,,,,136
76,,,,,,,,,,,,,,76,,,,,,137
66,,,,,,,,,,,,,,66,,,,,,138
82,,,,,,,,,,,,,,82,,,,,,139
92,,,,,,,,,,,,,,92,,,,,,140
88,,,,,,,,,,,,,,,88,,,,,141
84,,,,,,,,,,,,,,,84,,,,,142
90,,,,,,,,,,,,,,,90,,,,,143
80,,,,,,,,,,,,,,,80,,,,,144
94,,,,,,,,,,,,,,,94,,,,,145
70,,,,,,,,,,,,,,,70,,,,,146
76,,,,,,,,,,,,,,,76,,,,,147
66,,,,,,,,,,,,,,,66,,,,,148
82,,,,,,,,,,,,,,,82,,,,,149
92,,,,,,,,,,,,,,,92,,,,,150
88,,,,,,,,,,,,,,,,88,,,,151
84,,,,,,,,,,,,,,,,84,,,,152
90,,,,,,,,,,,,,,,,90,,,,153
80,,,,,,,,,,,,,,,,80,,,,154
94,,,,,,,,,,,,,,,,94,,,,155
70,,,,,,,,,,,,,,,,70,,,,156
76,,,,,,,,,,,,,,,,76,,,,157
66,,,,,,,,,,,,,,,,66,,,,158
82,,,,,,,,,,,,,,,,82,,,,159
92,,,,,,,,,,,,,,,,92,,,,160
88,,,,,,,,,,,,,,,,,88,,,161
84,,,,,,,,,,,,,,,,,84,,,162
90,,,,,,,,,,,,,,,,,90,,,163
80,,,,,,,,,,,,,,,,,80,,,164
94,,,,,,,,,,,,,,,,,94,,,165
70,,,,,,,,,,,,,,,,,70,,,166
76,,,,,,,,,,,,,,,,,76,,,167
66,,,,,,,,,,,,,,,,,66,,,168
82,,,,,,,,,,,,,,,,,82,,,169
92,,,,,,,,,,,,,,,,,92,,,170
88,,,,,,,,,,,,,,,,,,88,,171
84,,,,,,,,,,,,,,,,,,84,,172
90,,,,,,,,,,,,,,,,,,90,,173
80,,,,,,,,,,,,,,,,,,80,,174
94,,,,,,,,,,,,,,,,,,94,,175
70,,,,,,,,,,,,,,,,,,70,,176
76,,,,,,,,,,,,,,,,,,76,,177
66,,,,,,,,,,,,,,,,,,66,,178
82,,,,,,,,,,,,,,,,,,82,,179
92,,,,,,,,,,,,,,,,,,92,,180
88,,,,,,,,,,,,,,,,,,,88,181
84,,,,,,,,,,,,,,,,,,,84,182
90,,,,,,,,,,,,,,,,,,,90,183
80,,,,,,,,,,,,,,,,,,,80,184
94,,,,,,,,,,,,,,,,,,,94,185
70,,,,,,,,,,,,,,,,,,,70,186
76,,,,,,,,,,,,,,,,,,,76,187
66,,,,,,,,,,,,,,,,,,,66,188
82,,,,,,,,,,,,,,,,,,,82,189
92,,,,,,,,,,,,,,,,,,,92,190
,88,88,,,,,,,,,,,,,,,,,,191
,84,84,,,,,,,,,,,,,,,,,,192
,90,90,,,,,,,,,,,,,,,,,,193
,80,80,,,,,,,,,,,,,,,,,,194
,94,94,,,,,,,,,,,,,,,,,,195
,70,70,,,,,,,,,,,,,,,,,,196
,76,76,,,,,,,,,,,,,,,,,,197
,66,66,,,,,,,,,,,,,,,,,,198
,82,82,,,,,,,,,,,,,,,,,,199
,92,92,,,,,,,,,,,,,,,,,,200
,88,,88,,,,,,,,,,,,,,,,,201
,84,,84,,,,,,,,,,,,,,,,,202
,90,,90,,,,,,,,,,,,,,,,,203
,80,,80,,,,,,,,,,,,,,,,,204
,94,,94,,,,,,,,,,,,,,,,,205
,70,,70,,,,,,,,,,,,,,,,,206
,76,,76,,,,,,,,,,,,,,,,,207
,66,,66,,,,,,,,,,,,,,,,,208
,82,,82,,,,,,,,,,,,,,,,,209
,92,,92,,,,,,,,,,,,,,,,,210
,88,,,88,,,,,,,,,,,,,,,,211
,84,,,84,,,,,,,,,,,,,,,,212
,90,,,90,,,,,,,,,,,,,,,,213
,80,,,80,,,,,,,,,,,,,,,,214
,94,,,94,,,,,,,,,,,,,,,,215
,70,,,70,,,,,,,,,,,,,,,,216
,76,,,76,,,,,,,,,,,,,,,,217
,66,,,66,,,,,,,,,,,,,,,,218
,82,,,82,,,,,,,,,,,,,,,,219
,92,,,92,,,,,,,,,,,,,,,,220
,88,,,,88,,,,,,,,,,,,,,,221
,84,,,,84,,,,,,,,,,,,,,,222
,90,,,,90,,,,,,,,,,,,,,,223
,80,,,,80,,,,,,,,,,,,,,,224
,94,,,,94,,,,,,,,,,,,,,,225
,70,,,,70,,,,,,,,,,,,,,,226
,76,,,,76,,,,,,,,,,,,,,,227
,66,,,,66,,,,,,,,,,,,,,,228
,82,,,,82,,,,,,,,,,,,,,,229
,92,,,,92,,,,,,,,,,,,,,,230
,88,,,,,88,,,,,,,,,,,,,,231
,84,,,,,84,,,,,,,,,,,,,,232
,90,,,,,90,,,,,,,,,,,,,,233
,80,,,,,80,,,,,,,,,,,,,,234
,94,,,,,94,,,,,,,,,,,,,,235
,70,,,,,70,,,,,,,,,,,,,,236
,76,,,,,76,,,,,,,,,,,,,,237
,66,,,,,66,,,,,,,,,,,,,,238
,82,,,,,82,,,,,,,,,,,,,,239
,92,,,,,92,,,,,,,,,,,,,,240
,88,,,,,,88,,,,,,,,,,,,,241
,84,,,,,,84,,,,,,,,,,,,,242
,90,,,,,,90,,,,,,,,,,,,,243
,80,,,,,,80,,,,,,,,,,,,,244
,94,,,,,,94,,,,,,,,,,,,,245
,70,,,,,,70,,,,,,,,,,,,,246
,76,,,,,,76,,,,,,,,,,,,,247
,66,,,,,,66,,,,,,,,,,,,,248
,82,,,,,,82,,,,,,,,,,,,,249
,92,,,,,,92,,,,,,,,,,,,,250
,88,,,,,,,88,,,,,,,,,,,,251
,84,,,,,,,84,,,,,,,,,,,,252
,90,,,,,,,90,,,,,,,,,,,,253
,80,,,,,,,80,,,,,,,,,,,,254
,94,,,,,,,94,,,,,,,,,,,,255
,70,,,,,,,70,,,,,,,,,,,,256
,76,,,,,,,76,,,,,,,,,,,,257
,66,,,,,,,66,,,,,,,,,,,,258
,82,,,,,,,82,,,,,,,,,,,,259
,92,,,,,,,92,,,,,,,,,,,,260
,88,,,,,,,,88,,,,,,,,,,,261
,84,,,,,,,,84,,,,,,,,,,,262
,90,,,,,,,,90,,,,,,,,,,,263
,80,,,,,,,,80,,,,,,,,,,,264
,94,,,,,,,,94,,,,,,,,,,,265
,70,,,,,,,,70,,,,,,,,,,,266
,76,,,,,,,,76,,,,,,,,,,,267
,66,,,,,,,,66,,,,,,,,,,,268
,82,,,,,,,,82,,,,,,,,,,,269
,92,,,,,,,,92,,,,,,,,,,,270
,88,,,,,,,,,88,,,,,,,,,,271
,84,,,,,,,,,84,,,,,,,,,,272
,90,,,,,,,,,90,,,,,,,,,,273
,80,,,,,,,,,80,,,,,,,,,,274
,94,,,,,,,,,94,,,,,,,,,,275
,70,,,,,,,,,70,,,,,,,,,,276
,76,,,,,,,,,76,,,,,,,,,,277
,66,,,,,,,,,66,,,,,,,,,,278
,82,,,,,,,,,82,,,,,,,,,,279
,92,,,,,,,,,92,,,,,,,,,,280
,88,,,,,,,,,,88,,,,,,,,,281
,84,,,,,,,,,,84,,,,,,,,,282
,90,,,,,,,,,,90,,,,,,,,,283
,80,,,,,,,,,,80,,,,,,,,,284
,94,,,,,,,,,,94,,,,,,,,,285
,70,,,,,,,,,,70,,,,,,,,,286
,76,,,,,,,,,,76,,,,,,,,,287
,66,,,,,,,,,,66,,,,,,,,,288
,82,,,,,,,,,,82,,,,,,,,,289
,92,,,,,,,,,,92,,,,,,,,,290
,88,,,,,,,,,,,88,,,,,,,,291
,84,,,,,,,,,,,84,,,,,,,,292
,90,,,,,,,,,,,90,,,,,,,,293
,80,,,,,,,,,,,80,,,,,,,,294
,94,,,,,,,,,,,94,,,,,,,,295
,70,,,,,,,,,,,70,,,,,,,,296
,76,,,,,,,,,,,76,,,,,,,,297
,66,,,,,,,,,,,66,,,,,,,,298
,82,,,,,,,,,,,82,,,,,,,,299
,92,,,,,,,,,,,92,,,,,,,,300
,88,,,,,,,,,,,,88,,,,,,,301
,84,,,,,,,,,,,,84,,,,,,,302
,90,,,,,,,,,,,,90,,,,,,,303
,80,,,,,,,,,,,,80,,,,,,,304
,94,,,,,,,,,,,,94,,,,,,,305
,70,,,,,,,,,,,,70,,,,,,,306
,76,,,,,,,,,,,,76,,,,,,,307
,66,,,,,,,,,,,,66,,,,,,,308
,82,,,,,,,,,,,,82,,,,,,,309
,92,,,,,,,,,,,,92,,,,,,,310
,88,,,,,,,,,,,,,88,,,,,,311
,84,,,,,,,,,,,,,84,,,,,,312
,90,,,,,,,,,,,,,90,,,,,,313
,80,,,,,,,,,,,,,80,,,,,,314
,94,,,,,,,,,,,,,94,,,,,,315
,70,,,,,,,,,,,,,70,,,,,,316
,76,,,,,,,,,,,,,76,,,,,,317
,66,,,,,,,,,,,,,66,,,,,,318
,82,,,,,,,,,,,,,82,,,,,,319
,92,,,,,,,,,,,,,92,,,,,,320
,88,,,,,,,,,,,,,,88,,,,,321
,84,,,,,,,,,,,,,,84,,,,,322
,90,,,,,,,,,,,,,,90,,,,,323
,80,,,,,,,,,,,,,,80,,,,,324
,94,,,,,,,,,,,,,,94,,,,,325
,70,,,,,,,,,,,,,,70,,,,,326
,76,,,,,,,,,,,,,,76,,,,,327
,66,,,,,,,,,,,,,,66,,,,,328
,82,,,,,,,,,,,,,,82,,,,,329
,92,,,,,,,,,,,,,,92,,,,,330
,88,,,,,,,,,,,,,,,88,,,,331
,84,,,,,,,,,,,,,,,84,,,,332
,90,,,,,,,,,,,,,,,90,,,,333
,80,,,,,,,,,,,,,,,80,,,,334
,94,,,,,,,,,,,,,,,94,,,,335
,70,,,,,,,,,,,,,,,70,,,,336
,76,,,,,,,,,,,,,,,76,,,,337
,66,,,,,,,,,,,,,,,66,,,,338
,82,,,,,,,,,,,,,,,82,,,,339
,92,,,,,,,,,,,,,,,92,,,,340
,88,,,,,,,,,,,,,,,,88,,,341
,84,,,,,,,,,,,,,,,,84,,,342
,90,,,,,,,,,,,,,,,,90,,,343
,80,,,,,,,,,,,,,,,,80,,,344
,94,,,,,,,,,,,,,,,,94,,,345
,70,,,,,,,,,,,,,,,,70,,,346
,76,,,,,,,,,,,,,,,,76,,,347
,66,,,,,,,,,,,,,,,,66,,,348
,82,,,,,,,,,,,,,,,,82,,,349
,92,,,,,,,,,,,,,,,,92,,,350
,88,,,,,,,,,,,,,,,,,88,,351
,84,,,,,,,,,,,,,,,,,84,,352
,90,,,,,,,,,,,,,,,,,90,,353
,80,,,,,,,,,,,,,,,,,80,,354
,94,,,,,,,,,,,,,,,,,94,,355
,70,,,,,,,,,,,,,,,,,70,,356
,76,,,,,,,,,,,,,,,,,76,,357
,66,,,,,,,,,,,,,,,,,66,,358
,82,,,,,,,,,,,,,,,,,82,,359
,92,,,,,,,,,,,,,,,,,92,,360
,88,,,,,,,,,,,,,,,,,,88,361
,84,,,,,,,,,,,,,,,,,,84,362
,90,,,,,,,,,,,,,,,,,,90,363
,80,,,,,,,,,,,,,,,,,,80,364
,94,,,,,,,,,,,,,,,,,,94,365
,70,,,,,,,,,,,,,,,,,,70,366
,76,,,,,,,,,,,,,,,,,,76,367
,66,,,,,,,,,,,,,,,,,,66,368
,82,,,,,,,,,,,,,,,,,,82,369
,92,,,,,,,,,,,,,,,,,,92,370
,,88,88,,,,,,,,,,,,,,,,,371
,,84,84,,,,,,,,,,,,,,,,,372
,,90,90,,,,,,,,,,,,,,,,,373
,,80,80,,,,,,,,,,,,,,,,,374
,,94,94,,,,,,,,,,,,,,,,,375
,,70,70,,,,,,,,,,,,,,,,,376
,,76,76,,,,,,,,,,,,,,,,,377
,,66,66,,,,,,,,,,,,,,,,,378
,,82,82,,,,,,,,,,,,,,,,,379
,,92,92,,,,,,,,,,,,,,,,,380
,,88,,88,,,,,,,,,,,,,,,,381
,,84,,84,,,,,,,,,,,,,,,,382
,,90,,90,,,,,,,,,,,,,,,,383
,,80,,80,,,,,,,,,,,,,,,,384
,,94,,94,,,,,,,,,,,,,,,,385
,,70,,70,,,,,,,,,,,,,,,,386
,,76,,76,,,,,,,,,,,,,,,,387
,,66,,66,,,,,,,,,,,,,,,,388
,,82,,82,,,,,,,,,,,,,,,,389
,,92,,92,,,,,,,,,,,,,,,,390
,,88,,,88,,,,,,,,,,,,,,,391
,,84,,,84,,,,,,,,,,,,,,,392
,,90,,,90,,,,,,,,,,,,,,,393
,,80,,,80,,,,,,,,,,,,,,,394
,,94,,,94,,,,,,,,,,,,,,,395
,,70,,,70,,,,,,,,,,,,,,,396
,,76,,,76,,,,,,,,,,,,,,,397
,,66,,,66,,,,,,,,,,,,,,,398
,,82,,,82,,,,,,,,,,,,,,,399
,,92,,,92,,,,,,,,,,,,,,,400
,,88,,,,88,,,,,,,,,,,,,,401
,,84,,,,84,,,,,,,,,,,,,,402
,,90,,,,90,,,,,,,,,,,,,,403
,,80,,,,80,,,,,,,,,,,,,,404
,,94,,,,94,,,,,,,,,,,,,,405
,,70,,,,70,,,,,,,,,,,,,,406
,,76,,,,76,,,,,,,,,,,,,,407
,,66,,,,66,,,,,,,,,,,,,,408
,,82,,,,82,,,,,,,,,,,,,,409
,,92,,,,92,,,,,,,,,,,,,,410
,,88,,,,,88,,,,,,,,,,,,,411
,,84,,,,,84,,,,,,,,,,,,,412
,,90,,,,,90,,,,,,,,,,,,,413
,,80,,,,,80,,,,,,,,,,,,,414
,,94,,,,,94,,,,,,,,,,,,,415
,,70,,,,,70,,,,,,,,,,,,,416
,,76,,,,,76,,,,,,,,,,,,,417
,,66,,,,,66,,,,,,,,,,,,,418
,,82,,,,,82,,,,,,,,,,,,,419
,,92,,,,,92,,,,,,,,,,,,,420
,,88,,,,,,88,,,,,,,,,,,,421
,,84,,,,,,84,,,,,,,,,,,,422
,,90,,,,,,90,,,,,,,,,,,,423
,,80,,,,,,80,,,,,,,,,,,,424
,,94,,,,,,94,,,,,,,,,,,,425
,,70,,,,,,70,,,,,,,,,,,,426
,,76,,,,,,76,,,,,,,,,,,,427
,,66,,,,,,66,,,,,,,,,,,,428
,,82,,,,,,82,,,,,,,,,,,,429
,,92,,,,,,92,,,,,,,,,,,,430
,,88,,,,,,,88,,,,,,,,,,,431
,,84,,,,,,,84,,,,,,,,,,,432
,,90,,,,,,,90,,,,,,,,,,,433
,,80,,,,,,,80,,,,,,,,,,,434
,,94,,,,,,,94,,,,,,,,,,,435
,,70,,,,,,,70,,,,,,,,,,,436
,,76,,,,,,,76,,,,,,,,,,,437
,,66,,,,,,,66,,,,,,,,,,,438
,,82,,,,,,,82,,,,,,,,,,,439
,,92,,,,,,,92,,,,,,,,,,,440
,,88,,,,,,,,88,,,,,,,,,,441
,,84,,,,,,,,84,,,,,,,,,,442
,,90,,,,,,,,90,,,,,,,,,,443
,,80,,,,,,,,80,,,,,,,,,,444
,,94,,,,,,,,94,,,,,,,,,,445
,,70,,,,,,,,70,,,,,,,,,,446
,,76,,,,,,,,76,,,,,,,,,,447
,,66,,,,,,,,66,,,,,,,,,,448
,,82,,,,,,,,82,,,,,,,,,,449
,,92,,,,,,,,92,,,,,,,,,,450
,,88,,,,,,,,,88,,,,,,,,,451
,,84,,,,,,,,,84,,,,,,,,,452
,,90,,,,,,,,,90,,,,,,,,,453
,,80,,,,,,,,,80,,,,,,,,,454
,,94,,,,,,,,,94,,,,,,,,,455
,,70,,,,,,,,,70,,,,,,,,,456
,,76,,,,,,,,,76,,,,,,,,,457
,,66,,,,,,,,,66,,,,,,,,,458
,,82,,,,,,,,,82,,,,,,,,,459
,,92,,,,,,,,,92,,,,,,,,,460
,,88,,,,,,,,,,88,,,,,,,,461
,,84,,,,,,,,,,84,,,,,,,,462
,,90,,,,,,,,,,90,,,,,,,,463
,,80,,,,,,,,,,80,,,,,,,,464
,,94,,,,,,,,,,94,,,,,,,,465
,,70,,,,,,,,,,70,,,,,,,,466
,,76,,,,,,,,,,76,,,,,,,,467
,,66,,,,,,,,,,66,,,,,,,,468
,,82,,,,,,,,,,82,,,,,,,,469
,,92,,,,,,,,,,92,,,,,,,,470
,,88,,,,,,,,,,,88,,,,,,,471
,,84,,,,,,,,,,,84,,,,,,,472
,,90,,,,,,,,,,,90,,,,,,,473
,,80,,,,,,,,,,,80,,,,,,,474
,,94,,,,,,,,,,,94,,,,,,,475
,,70,,,,,,,,,,,70,,,,,,,476
,,76,,,,,,,,,,,76,,,,,,,477
,,66,,,,,,,,,,,66,,,,,,,478
,,82,,,,,,,,,,,82,,,,,,,479
,,92,,,,,,,,,,,92,,,,,,,480
,,88,,,,,,,,,,,,88,,,,,,481
,,84,,,,,,,,,,,,84,,,,,,482
,,90,,,,,,,,,,,,90,,,,,,483
,,80,,,,,,,,,,,,80,,,,,,484
,,94,,,,,,,,,,,,94,,,,,,485
,,70,,,,,,,,,,,,70,,,,,,486
,,76,,,,,,,,,,,,76,,,,,,487
,,66,,,,,,,,,,,,66,,,,,,488
,,82,,,,,,,,,,,,82,,,,,,489
,,92,,,,,,,,,,,,92,,,,,,490
,,88,,,,,,,,,,,,,88,,,,,491
,,84,,,,,,,,,,,,,84,,,,,492
,,90,,,,,,,,,,,,,90,,,,,493
,,80,,,,,,,,,,,,,80,,,,,494
,,94,,,,,,,,,,,,,94,,,,,495
,,70,,,,,,,,,,,,,70,,,,,496
,,76,,,,,,,,,,,,,76,,,,,497
,,66,,,,,,,,,,,,,66,,,,,498
,,82,,,,,,,,,,,,,82,,,,,499
,,92,,,,,,,,,,,,,92,,,,,500
,,88,,,,,,,,,,,,,,88,,,,501
,,84,,,,,,,,,,,,,,84,,,,502
,,90,,,,,,,,,,,,,,90,,,,503
,,80,,,,,,,,,,,,,,80,,,,504
,,94,,,,,,,,,,,,,,94,,,,505
,,70,,,,,,,,,,,,,,70,,,,506
,,76,,,,,,,,,,,,,,76,,,,507
,,66,,,,,,,,,,,,,,66,,,,508
,,82,,,,,,,,,,,,,,82,,,,509
,,92,,,,,,,,,,,,,,92,,,,510
,,88,,,,,,,,,,,,,,,88,,,511
,,84,,,,,,,,,,,,,,,84,,,512
,,90,,,,,,,,,,,,,,,90,,,513
,,80,,,,,,,,,,,,,,,80,,,514
,,94,,,,,,,,,,,,,,,94,,,515
,,70,,,,,,,,,,,,,,,70,,,516
,,76,,,,,,,,,,,,,,,76,,,517
,,66,,,,,,,,,,,,,,,66,,,518
,,82,,,,,,,,,,,,,,,82,,,519
,,92,,,,,,,,,,,,,,,92,,,520
,,88,,,,,,,,,,,,,,,,88,,521
,,84,,,,,,,,,,,,,,,,84,,522
,,90,,,,,,,,,,,,,,,,90,,523
,,80,,,,,,,,,,,,,,,,80,,524
,,94,,,,,,,,,,,,,,,,94,,525
,,70,,,,,,,,,,,,,,,,70,,526
,,76,,,,,,,,,,,,,,,,76,,527
,,66,,,,,,,,,,,,,,,,66,,528
,,82,,,,,,,,,,,,,,,,82,,529
,,92,,,,,,,,,,,,,,,,92,,530
,,88,,,,,,,,,,,,,,,,,88,531
,,84,,,,,,,,,,,,,,,,,84,532
,,90,,,,,,,,,,,,,,,,,90,533
,,80,,,,,,,,,,,,,,,,,80,534
,,94,,,,,,,,,,,,,,,,,94,535
,,70,,,,,,,,,,,,,,,,,70,536
,,76,,,,,,,,,,,,,,,,,76,537
,,66,,,,,,,,,,,,,,,,,66,538
,,82,,,,,,,,,,,,,,,,,82,539
,,92,,,,,,,,,,,,,,,,,92,540
,,,88,88,,,,,,,,,,,,,,,,541
,,,84,84,,,,,,,,,,,,,,,,542
,,,90,90,,,,,,,,,,,,,,,,543
,,,80,80,,,,,,,,,,,,,,,,544
,,,94,94,,,,,,,,,,,,,,,,545
,,,70,70,,,,,,,,,,,,,,,,546
,,,76,76,,,,,,,,,,,,,,,,547
,,,66,66,,,,,,,,,,,,,,,,548
,,,82,82,,,,,,,,,,,,,,,,549
,,,92,92,,,,,,,,,,,,,,,,550
,,,88,,88,,,,,,,,,,,,,,,551
,,,84,,84,,,,,,,,,,,,,,,552
,,,90,,90,,,,,,,,,,,,,,,553
,,,80,,80,,,,,,,,,,,,,,,554
,,,94,,94,,,,,,,,,,,,,,,555
,,,70,,70,,,,,,,,,,,,,,,556
,,,76,,76,,,,,,,,,,,,,,,557
,,,66,,66,,,,,,,,,,,,,,,558
,,,82,,82,,,,,,,,,,,,,,,559
,,,92,,92,,,,,,,,,,,,,,,560
,,,88,,,88,,,,,,,,,,,,,,561
,,,84,,,84,,,,,,,,,,,,,,562
,,,90,,,90,,,,,,,,,,,,,,563
,,,80,,,80,,,,,,,,,,,,,,564
,,,94,,,94,,,,,,,,,,,,,,565
,,,70,,,70,,,,,,,,,,,,,,566
,,,76,,,76,,,,,,,,,,,,,,567
,,,66,,,66,,,,,,,,,,,,,,568
,,,82,,,82,,,,,,,,,,,,,,569
,,,92,,,92,,,,,,,,,,,,,,570
,,,88,,,,88,,,,,,,,,,,,,571
,,,84,,,,84,,,,,,,,,,,,,572
,,,90,,,,90,,,,,,,,,,,,,573
,,,80,,,,80,,,,,,,,,,,,,574
,,,94,,,,94,,,,,,,,,,,,,575
,,,70,,,,70,,,,,,,,,,,,,576
,,,76,,,,76,,,,,,,,,,,,,577
,,,66,,,,66,,,,,,,,,,,,,578
,,,82,,,,82,,,,,,,,,,,,,579
,,,92,,,,92,,,,,,,,,,,,,580
,,,88,,,,,88,,,,,,,,,,,,581
,,,84,,,,,84,,,,,,,,,,,,582
,,,90,,,,,90,,,,,,,,,,,,583
,,,80,,,,,80,,,,,,,,,,,,584
,,,94,,,,,94,,,,,,,,,,,,585
,,,70,,,,,70,,,,,,,,,,,,586
,,,76,,,,,76,,,,,,,,,,,,587
,,,66,,,,,66,,,,,,,,,,,,588
,,,82,,,,,82,,,,,,,,,,,,589
,,,92,,,,,92,,,,,,,,,,,,590
,,,88,,,,,,88,,,,,,,,,,,591
,,,84,,,,,,84,,,,,,,,,,,592
,,,90,,,,,,90,,,,,,,,,,,593
,,,80,,,,,,80,,,,,,,,,,,594
,,,94,,,,,,94,,,,,,,,,,,595
,,,70,,,,,,70,,,,,,,,,,,596
,,,76,,,,,,76,,,,,,,,,,,597
,,,66,,,,,,66,,,,,,,,,,,598
,,,82,,,,,,82,,,,,,,,,,,599
,,,92,,,,,,92,,,,,,,,,,,600
,,,88,,,,,,,88,,,,,,,,,,601
,,,84,,,,,,,84,,,,,,,,,,602
,,,90,,,,,,,90,,,,,,,,,,603
,,,80,,,,,,,80,,,,,,,,,,604
,,,94,,,,,,,94,,,,,,,,,,605
,,,70,,,,,,,70,,,,,,,,,,606
,,,76,,,,,,,76,,,,,,,,,,607
,,,66,,,,,,,66,,,,,,,,,,608
,,,82,,,,,,,82,,,,,,,,,,609
,,,92,,,,,,,92,,,,,,,,,,610
,,,88,,,,,,,,88,,,,,,,,,611
,,,84,,,,,,,,84,,,,,,,,,612
,,,90,,,,,,,,90,,,,,,,,,613
,,,80,,,,,,,,80,,,,,,,,,614
,,,94,,,,,,,,94,,,,,,,,,615
,,,70,,,,,,,,70,,,,,,,,,616
,,,76,,,,,,,,76,,,,,,,,,617
,,,66,,,,,,,,66,,,,,,,,,618
,,,82,,,,,,,,82,,,,,,,,,619
,,,92,,,,,,,,92,,,,,,,,,620
,,,88,,,,,,,,,88,,,,,,,,621
,,,84,,,,,,,,,84,,,,,,,,622
,,,90,,,,,,,,,90,,,,,,,,623
,,,80,,,,,,,,,80,,,,,,,,624
,,,94,,,,,,,,,94,,,,,,,,625
,,,70,,,,,,,,,70,,,,,,,,626
,,,76,,,,,,,,,76,,,,,,,,627
,,,66,,,,,,,,,66,,,,,,,,628
,,,82,,,,,,,,,82,,,,,,,,629
,,,92,,,,,,,,,92,,,,,,,,630
,,,88,,,,,,,,,,88,,,,,,,631
,,,84,,,,,,,,,,84,,,,,,,632
,,,90,,,,,,,,,,90,,,,,,,633
,,,80,,,,,,,,,,80,,,,,,,634
,,,94,,,,,,,,,,94,,,,,,,635
,,,70,,,,,,,,,,70,,,,,,,636
,,,76,,,,,,,,,,76,,,,,,,637
,,,66,,,,,,,,,,66,,,,,,,638
,,,82,,,,,,,,,,82,,,,,,,639
,,,92,,,,,,,,,,92,,,,,,,640
,,,88,,,,,,,,,,,88,,,,,,641
,,,84,,,,,,,,,,,84,,,,,,642
,,,90,,,,,,,,,,,90,,,,,,643
,,,80,,,,,,,,,,,80,,,,,,644
,,,94,,,,,,,,,,,94,,,,,,645
,,,70,,,,,,,,,,,70,,,,,,646
,,,76,,,,,,,,,,,76,,,,,,647
,,,66,,,,,,,,,,,66,,,,,,648
,,,82,,,,,,,,,,,82,,,,,,649
,,,92,,,,,,,,,,,92,,,,,,650
,,,88,,,,,,,,,,,,88,,,,,651
,,,84,,,,,,,,,,,,84,,,,,652
,,,90,,,,,,,,,,,,90,,,,,653
,,,80,,,,,,,,,,,,80,,,,,654
,,,94,,,,,,,,,,,,94,,,,,655
,,,70,,,,,,,,,,,,70,,,,,656
,,,76,,,,,,,,,,,,76,,,,,657
,,,66,,,,,,,,,,,,66,,,,,658
,,,82,,,,,,,,,,,,82,,,,,659
,,,92,,,,,,,,,,,,92,,,,,660
,,,88,,,,,,,,,,,,,88,,,,661
,,,84,,,,,,,,,,,,,84,,,,662
,,,90,,,,,,,,,,,,,90,,,,663
,,,80,,,,,,,,,,,,,80,,,,664
,,,94,,,,,,,,,,,,,94,,,,665
,,,70,,,,,,,,,,,,,70,,,,666
,,,76,,,,,,,,,,,,,76,,,,667
,,,66,,,,,,,,,,,,,66,,,,668
,,,82,,,,,,,,,,,,,82,,,,669
,,,92,,,,,,,,,,,,,92,,,,670
,,,88,,,,,,,,,,,,,,88,,,671
,,,84,,,,,,,,,,,,,,84,,,672
,,,90,,,,,,,,,,,,,,90,,,673
,,,80,,,,,,,,,,,,,,80,,,674
,,,94,,,,,,,,,,,,,,94,,,675
,,,70,,,,,,,,,,,,,,70,,,676
,,,76,,,,,,,,,,,,,,76,,,677
,,,66,,,,,,,,,,,,,,66,,,678
,,,82,,,,,,,,,,,,,,82,,,679
,,,92,,,,,,,,,,,,,,92,,,680
,,,88,,,,,,,,,,,,,,,88,,681
,,,84,,,,,,,,,,,,,,,84,,682
,,,90,,,,,,,,,,,,,,,90,,683
,,,80,,,,,,,,,,,,,,,80,,684
,,,94,,,,,,,,,,,,,,,94,,685
,,,70,,,,,,,,,,,,,,,70,,686
,,,76,,,,,,,,,,,,,,,76,,687
,,,66,,,,,,,,,,,,,,,66,,688
,,,82,,,,,,,,,,,,,,,82,,689
,,,92,,,,,,,,,,,,,,,92,,690
,,,88,,,,,,,,,,,,,,,,88,691
,,,84,,,,,,,,,,,,,,,,84,692
,,,90,,,,,,,,,,,,,,,,90,693
,,,80,,,,,,,,,,,,,,,,80,694
,,,94,,,,,,,,,,,,,,,,94,695
,,,70,,,,,,,,,,,,,,,,70,696
,,,76,,,,,,,,,,,,,,,,76,697
,,,66,,,,,,,,,,,,,,,,66,698
,,,82,,,,,,,,,,,,,,,,82,699
,,,92,,,,,,,,,,,,,,,,92,700
,,,,88,88,,,,,,,,,,,,,,,701
,,,,84,84,,,,,,,,,,,,,,,702
,,,,90,90,,,,,,,,,,,,,,,703
,,,,80,80,,,,,,,,,,,,,,,704
,,,,94,94,,,,,,,,,,,,,,,705
,,,,70,70,,,,,,,,,,,,,,,706
,,,,76,76,,,,,,,,,,,,,,,707
,,,,66,66,,,,,,,,,,,,,,,708
,,,,82,82,,,,,,,,,,,,,,,709
,,,,92,92,,,,,,,,,,,,,,,710
,,,,88,,88,,,,,,,,,,,,,,711
,,,,84,,84,,,,,,,,,,,,,,712
,,,,90,,90,,,,,,,,,,,,,,713
,,,,80,,80,,,,,,,,,,,,,,714
,,,,94,,94,,,,,,,,,,,,,,715
,,,,70,,70,,,,,,,,,,,,,,716
,,,,76,,76,,,,,,,,,,,,,,717
,,,,66,,66,,,,,,,,,,,,,,718
,,,,82,,82,,,,,,,,,,,,,,719
,,,,92,,92,,,,,,,,,,,,,,720
,,,,88,,,88,,,,,,,,,,,,,721
,,,,84,,,84,,,,,,,,,,,,,722
,,,,90,,,90,,,,,,,,,,,,,723
,,,,80,,,80,,,,,,,,,,,,,724
,,,,94,,,94,,,,,,,,,,,,,725
,,,,70,,,70,,,,,,,,,,,,,726
,,,,76,,,76,,,,,,,,,,,,,727
,,,,66,,,66,,,,,,,,,,,,,728
,,,,82,,,82,,,,,,,,,,,,,729
,,,,92,,,92,,,,,,,,,,,,,730
,,,,88,,,,88,,,,,,,,,,,,731
,,,,84,,,,84,,,,,,,,,,,,732
,,,,90,,,,90,,,,,,,,,,,,733
,,,,80,,,,80,,,,,,,,,,,,734
,,,,94,,,,94,,,,,,,,,,,,735
,,,,70,,,,70,,,,,,,,,,,,736
,,,,76,,,,76,,,,,,,,,,,,737
,,,,66,,,,66,,,,,,,,,,,,738
,,,,82,,,,82,,,,,,,,,,,,739
,,,,92,,,,92,,,,,,,,,,,,740
,,,,88,,,,,88,,,,,,,,,,,741
,,,,84,,,,,84,,,,,,,,,,,742
,,,,90,,,,,90,,,,,,,,,,,743
,,,,80,,,,,80,,,,,,,,,,,744
,,,,94,,,,,94,,,,,,,,,,,745
,,,,70,,,,,70,,,,,,,,,,,746
,,,,76,,,,,76,,,,,,,,,,,747
,,,,66,,,,,66,,,,,,,,,,,748
,,,,82,,,,,82,,,,,,,,,,,749
,,,,92,,,,,92,,,,,,,,,,,750
,,,,88,,,,,,88,,,,,,,,,,751
,,,,84,,,,,,84,,,,,,,,,,752
,,,,90,,,,,,90,,,,,,,,,,753
,,,,80,,,,,,80,,,,,,,,,,754
,,,,94,,,,,,94,,,,,,,,,,755
,,,,70,,,,,,70,,,,,,,,,,756
,,,,76,,,,,,76,,,,,,,,,,757
,,,,66,,,,,,66,,,,,,,,,,758
,,,,82,,,,,,82,,,,,,,,,,759
,,,,92,,,,,,92,,,,,,,,,,760
,,,,88,,,,,,,88,,,,,,,,,761
,,,,84,,,,,,,84,,,,,,,,,762
,,,,90,,,,,,,90,,,,,,,,,763
,,,,80,,,,,,,80,,,,,,,,,764
,,,,94,,,,,,,94,,,,,,,,,765
,,,,70,,,,,,,70,,,,,,,,,766
,,,,76,,,,,,,76,,,,,,,,,767
,,,,66,,,,,,,66,,,,,,,,,768
,,,,82,,,,,,,82,,,,,,,,,769
,,,,92,,,,,,,92,,,,,,,,,770
,,,,88,,,,,,,,88,,,,,,,,771
,,,,84,,,,,,,,84,,,,,,,,772
,,,,90,,,,,,,,90,,,,,,,,773
,,,,80,,,,,,,,80,,,,,,,,774
,,,,94,,,,,,,,94,,,,,,,,775
,,,,70,,,,,,,,70,,,,,,,,776
,,,,76,,,,,,,,76,,,,,,,,777
,,,,66,,,,,,,,66,,,,,,,,778
,,,,82,,,,,,,,82,,,,,,,,779
,,,,92,,,,,,,,92,,,,,,,,780
,,,,88,,,,,,,,,88,,,,,,,781
,,,,84,,,,,,,,,84,,,,,,,782
,,,,90,,,,,,,,,90,,,,,,,783
,,,,80,,,,,,,,,80,,,,,,,784
,,,,94,,,,,,,,,94,,,,,,,785
,,,,70,,,,,,,,,70,,,,,,,786
,,,,76,,,,,,,,,76,,,,,,,787
,,,,66,,,,,,,,,66,,,,,,,788
,,,,82,,,,,,,,,82,,,,,,,789
,,,,92,,,,,,,,,92,,,,,,,790
,,,,88,,,,,,,,,,88,,,,,,791
,,,,84,,,,,,,,,,84,,,,,,792
,,,,90,,,,,,,,,,90,,,,,,793
,,,,80,,,,,,,,,,80,,,,,,794
,,,,94,,,,,,,,,,94,,,,,,795
,,,,70,,,,,,,,,,70,,,,,,796
,,,,76,,,,,,,,,,76,,,,,,797
,,,,66,,,,,,,,,,66,,,,,,798
,,,,82,,,,,,,,,,82,,,,,,799
,,,,92,,,,,,,,,,92,,,,,,800
,,,,88,,,,,,,,,,,88,,,,,801
,,,,84,,,,,,,,,,,84,,,,,802
,,,,90,,,,,,,,,,,90,,,,,803
,,,,80,,,,,,,,,,,80,,,,,804
,,,,94,,,,,,,,,,,94,,,,,805
,,,,70,,,,,,,,,,,70,,,,,806
,,,,76,,,,,,,,,,,76,,,,,807
,,,,66,,,,,,,,,,,66,,,,,808
,,,,82,,,,,,,,,,,82,,,,,809
,,,,92,,,,,,,,,,,92,,,,,810
,,,,88,,,,,,,,,,,,88,,,,811
,,,,84,,,,,,,,,,,,84,,,,812
,,,,90,,,,,,,,,,,,90,,,,813
,,,,80,,,,,,,,,,,,80,,,,814
,,,,94,,,,,,,,,,,,94,,,,815
,,,,70,,,,,,,,,,,,70,,,,816
,,,,76,,,,,,,,,,,,76,,,,817
,,,,66,,,,,,,,,,,,66,,,,818
,,,,82,,,,,,,,,,,,82,,,,819
,,,,92,,,,,,,,,,,,92,,,,820
,,,,88,,,,,,,,,,,,,88,,,821
,,,,84,,,,,,,,,,,,,84,,,822
,,,,90,,,,,,,,,,,,,90,,,823
,,,,80,,,,,,,,,,,,,80,,,824
,,,,94,,,,,,,,,,,,,94,,,825
,,,,70,,,,,,,,,,,,,70,,,826
,,,,76,,,,,,,,,,,,,76,,,827
,,,,66,,,,,,,,,,,,,66,,,828
,,,,82,,,,,,,,,,,,,82,,,829
,,,,92,,,,,,,,,,,,,92,,,830
,,,,88,,,,,,,,,,,,,,88,,831
,,,,84,,,,,,,,,,,,,,84,,832
,,,,90,,,,,,,,,,,,,,90,,833
,,,,80,,,,,,,,,,,,,,80,,834
,,,,94,,,,,,,,,,,,,,94,,835
,,,,70,,,,,,,,,,,,,,70,,836
,,,,76,,,,,,,,,,,,,,76,,837
,,,,66,,,,,,,,,,,,,,66,,838
,,,,82,,,,,,,,,,,,,,82,,839
,,,,92,,,,,,,,,,,,,,92,,840
,,,,88,,,,,,,,,,,,,,,88,841
,,,,84,,,,,,,,,,,,,,,84,842
,,,,90,,,,,,,,,,,,,,,90,843
,,,,80,,,,,,,,,,,,,,,80,844
,,,,94,,,,,,,,,,,,,,,94,845
,,,,70,,,,,,,,,,,,,,,70,846
,,,,76,,,,,,,,,,,,,,,76,847
,,,,66,,,,,,,,,,,,,,,66,848
,,,,82,,,,,,,,,,,,,,,82,849
,,,,92,,,,,,,,,,,,,,,92,850
,,,,,88,88,,,,,,,,,,,,,,851
,,,,,84,84,,,,,,,,,,,,,,852
,,,,,90,90,,,,,,,,,,,,,,853
,,,,,80,80,,,,,,,,,,,,,,854
,,,,,94,94,,,,,,,,,,,,,,855
,,,,,70,70,,,,,,,,,,,,,,856
,,,,,76,76,,,,,,,,,,,,,,857
,,,,,66,66,,,,,,,,,,,,,,858
,,,,,82,82,,,,,,,,,,,,,,859
,,,,,92,92,,,,,,,,,,,,,,860
,,,,,88,,88,,,,,,,,,,,,,861
,,,,,84,,84,,,,,,,,,,,,,862
,,,,,90,,90,,,,,,,,,,,,,863
,,,,,80,,80,,,,,,,,,,,,,864
,,,,,94,,94,,,,,,,,,,,,,865
,,,,,70,,70,,,,,,,,,,,,,866
,,,,,76,,76,,,,,,,,,,,,,867
,,,,,66,,66,,,,,,,,,,,,,868
,,,,,82,,82,,,,,,,,,,,,,869
,,,,,92,,92,,,,,,,,,,,,,870
,,,,,88,,,88,,,,,,,,,,,,871
,,,,,84,,,84,,,,,,,,,,,,872
,,,,,90,,,90,,,,,,,,,,,,873
,,,,,80,,,80,,,,,,,,,,,,874
,,,,,94,,,94,,,,,,,,,,,,875
,,,,,70,,,70,,,,,,,,,,,,876
,,,,,76,,,76,,,,,,,,,,,,877
,,,,,66,,,66,,,,,,,,,,,,878
,,,,,82,,,82,,,,,,,,,,,,879
,,,,,92,,,92,,,,,,,,,,,,880
,,,,,88,,,,88,,,,,,,,,,,881
,,,,,84,,,,84,,,,,,,,,,,882
,,,,,90,,,,90,,,,,,,,,,,883
,,,,,80,,,,80,,,,,,,,,,,884
,,,,,94,,,,94,,,,,,,,,,,885
,,,,,70,,,,70,,,,,,,,,,,886
,,,,,76,,,,76,,,,,,,,,,,887
,,,,,66,,,,66,,,,,,,,,,,888
,,,,,82,,,,82,,,,,,,,,,,889
,,,,,92,,,,92,,,,,,,,,,,890
,,,,,88,,,,,88,,,,,,,,,,891
,,,,,84,,,,,84,,,,,,,,,,892
,,,,,90,,,,,90,,,,,,,,,,893
,,,,,80,,,,,80,,,,,,,,,,894
,,,,,94,,,,,94,,,,,,,,,,895
,,,,,70,,,,,70,,,,,,,,,,896
,,,,,76,,,,,76,,,,,,,,,,897
,,,,,66,,,,,66,,,,,,,,,,898
,,,,,82,,,,,82,,,,,,,,,,899
,,,,,92,,,,,92,,,,,,,,,,900
,,,,,88,,,,,,88,,,,,,,,,901
,,,,,84,,,,,,84,,,,,,,,,902
,,,,,90,,,,,,90,,,,,,,,,903
,,,,,80,,,,,,80,,,,,,,,,904
,,,,,94,,,,,,94,,,,,,,,,905
,,,,,70,,,,,,70,,,,,,,,,906
,,,,,76,,,,,,76,,,,,,,,,907
,,,,,66,,,,,,66,,,,,,,,,908
,,,,,82,,,,,,82,,,,,,,,,909
,,,,,92,,,,,,92,,,,,,,,,910
,,,,,88,,,,,,,88,,,,,,,,911
,,,,,84,,,,,,,84,,,,,,,,912
,,,,,90,,,,,,,90,,,,,,,,913
,,,,,80,,,,,,,80,,,,,,,,914
,,,,,94,,,,,,,94,,,,,,,,915
,,,,,70,,,,,,,70,,,,,,,,916
,,,,,76,,,,,,,76,,,,,,,,917
,,,,,66,,,,,,,66,,,,,,,,918
,,,,,82,,,,,,,82,,,,,,,,919
,,,,,92,,,,,,,92,,,,,,,,920
,,,,,88,,,,,,,,88,,,,,,,921
,,,,,84,,,,,,,,84,,,,,,,922
,,,,,90,,,,,,,,90,,,,,,,923
,,,,,80,,,,,,,,80,,,,,,,924
,,,,,94,,,,,,,,94,,,,,,,925
,,,,,70,,,,,,,,70,,,,,,,926
,,,,,76,,,,,,,,76,,,,,,,927
,,,,,66,,,,,,,,66,,,,,,,928
,,,,,82,,,,,,,,82,,,,,,,929
,,,,,92,,,,,,,,92,,,,,,,930
,,,,,88,,,,,,,,,88,,,,,,931
,,,,,84,,,,,,,,,84,,,,,,932
,,,,,90,,,,,,,,,90,,,,,,933
,,,,,80,,,,,,,,,80,,,,,,934
,,,,,94,,,,,,,,,94,,,,,,935
,,,,,70,,,,,,,,,70,,,,,,936
,,,,,76,,,,,,,,,76,,,,,,937
,,,,,66,,,,,,,,,66,,,,,,938
,,,,,82,,,,,,,,,82,,,,,,939
,,,,,92,,,,,,,,,92,,,,,,940
,,,,,88,,,,,,,,,,88,,,,,941
,,,,,84,,,,,,,,,,84,,,,,942
,,,,,90,,,,,,,,,,90,,,,,943
,,,,,80,,,,,,,,,,80,,,,,944
,,,,,94,,,,,,,,,,94,,,,,945
,,,,,70,,,,,,,,,,70,,,,,946
,,,,,76,,,,,,,,,,76,,,,,947
,,,,,66,,,,,,,,,,66,,,,,948
,,,,,82,,,,,,,,,,82,,,,,949
,,,,,92,,,,,,,,,,92,,,,,950
,,,,,88,,,,,,,,,,,88,,,,951
,,,,,84,,,,,,,,,,,84,,,,952
,,,,,90,,,,,,,,,,,90,,,,953
,,,,,80,,,,,,,,,,,80,,,,954
,,,,,94,,,,,,,,,,,94,,,,955
,,,,,70,,,,,,,,,,,70,,,,956
,,,,,76,,,,,,,,,,,76,,,,957
,,,,,66,,,,,,,,,,,66,,,,958
,,,,,82,,,,,,,,,,,82,,,,959
,,,,,92,,,,,,,,,,,92,,,,960
,,,,,88,,,,,,,,,,,,88,,,961
,,,,,84,,,,,,,,,,,,84,,,962
,,,,,90,,,,,,,,,,,,90,,,963
,,,,,80,,,,,,,,,,,,80,,,964
,,,,,94,,,,,,,,,,,,94,,,965
,,,,,70,,,,,,,,,,,,70,,,966
,,,,,76,,,,,,,,,,,,76,,,967
,,,,,66,,,,,,,,,,,,66,,,968
,,,,,82,,,,,,,,,,,,82,,,969
,,,,,92,,,,,,,,,,,,92,,,970
,,,,,88,,,,,,,,,,,,,88,,971
,,,,,84,,,,,,,,,,,,,84,,972
,,,,,90,,,,,,,,,,,,,90,,973
,,,,,80,,,,,,,,,,,,,80,,974
,,,,,94,,,,,,,,,,,,,94,,975
,,,,,70,,,,,,,,,,,,,70,,976
,,,,,76,,,,,,,,,,,,,76,,977
,,,,,66,,,,,,,,,,,,,66,,978
,,,,,82,,,,,,,,,,,,,82,,979
,,,,,92,,,,,,,,,,,,,92,,980
,,,,,88,,,,,,,,,,,,,,88,981
,,,,,84,,,,,,,,,,,,,,84,982
,,,,,90,,,,,,,,,,,,,,90,983
,,,,,80,,,,,,,,,,,,,,80,984
,,,,,94,,,,,,,,,,,,,,94,985
,,,,,70,,,,,,,,,,,,,,70,986
,,,,,76,,,,,,,,,,,,,,76,987
,,,,,66,,,,,,,,,,,,,,66,988
,,,,,82,,,,,,,,,,,,,,82,989
,,,,,92,,,,,,,,,,,,,,92,990
,,,,,,88,88,,,,,,,,,,,,,991
,,,,,,84,84,,,,,,,,,,,,,992
,,,,,,90,90,,,,,,,,,,,,,993
,,,,,,80,80,,,,,,,,,,,,,994
,,,,,,94,94,,,,,,,,,,,,,995
,,,,,,70,70,,,,,,,,,,,,,996
,,,,,,76,76,,,,,,,,,,,,,997
,,,,,,66,66,,,,,,,,,,,,,998
,,,,,,82,82,,,,,,,,,,,,,999
,,,,,,92,92,,,,,,,,,,,,,1000
,,,,,,88,,88,,,,,,,,,,,,1001
,,,,,,84,,84,,,,,,,,,,,,1002
,,,,,,90,,90,,,,,,,,,,,,1003
,,,,,,80,,80,,,,,,,,,,,,1004
,,,,,,94,,94,,,,,,,,,,,,1005
,,,,,,70,,70,,,,,,,,,,,,1006
,,,,,,76,,76,,,,,,,,,,,,1007
,,,,,,66,,66,,,,,,,,,,,,1008
,,,,,,82,,82,,,,,,,,,,,,1009
,,,,,,92,,92,,,,,,,,,,,,1010
,,,,,,88,,,88,,,,,,,,,,,1011
,,,,,,84,,,84,,,,,,,,,,,1012
,,,,,,90,,,90,,,,,,,,,,,1013
,,,,,,80,,,80,,,,,,,,,,,1014
,,,,,,94,,,94,,,,,,,,,,,1015
,,,,,,70,,,70,,,,,,,,,,,1016
,,,,,,76,,,76,,,,,,,,,,,1017
,,,,,,66,,,66,,,,,,,,,,,1018
,,,,,,82,,,82,,,,,,,,,,,1019
,,,,,,92,,,92,,,,,,,,,,,1020
,,,,,,88,,,,88,,,,,,,,,,1021
,,,,,,84,,,,84,,,,,,,,,,1022
,,,,,,90,,,,90,,,,,,,,,,1023
,,,,,,80,,,,80,,,,,,,,,,1024
,,,,,,94,,,,94,,,,,,,,,,1025
,,,,,,70,,,,70,,,,,,,,,,1026
,,,,,,76,,,,76,,,,,,,,,,1027
,,,,,,66,,,,66,,,,,,,,,,1028
,,,,,,82,,,,82,,,,,,,,,,1029
,,,,,,92,,,,92,,,,,,,,,,1030
,,,,,,88,,,,,88,,,,,,,,,1031
,,,,,,84,,,,,84,,,,,,,,,1032
,,,,,,90,,,,,90,,,,,,,,,1033
,,,,,,80,,,,,80,,,,,,,,,1034
,,,,,,94,,,,,94,,,,,,,,,1035
,,,,,,70,,,,,70,,,,,,,,,1036
,,,,,,76,,,,,76,,,,,,,,,1037
,,,,,,66,,,,,66,,,,,,,,,1038
,,,,,,82,,,,,82,,,,,,,,,1039
,,,,,,92,,,,,92,,,,,,,,,1040
,,,,,,88,,,,,,88,,,,,,,,1041
,,,,,,84,,,,,,84,,,,,,,,1042
,,,,,,90,,,,,,90,,,,,,,,1043
,,,,,,80,,,,,,80,,,,,,,,1044
,,,,,,94,,,,,,94,,,,,,,,1045
,,,,,,70,,,,,,70,,,,,,,,1046
,,,,,,76,,,,,,76,,,,,,,,1047
,,,,,,66,,,,,,66,,,,,,,,1048
,,,,,,82,,,,,,82,,,,,,,,1049
,,,,,,92,,,,,,92,,,,,,,,1050
,,,,,,88,,,,,,,88,,,,,,,1051
,,,,,,84,,,,,,,84,,,,,,,1052
,,,,,,90,,,,,,,90,,,,,,,1053
,,,,,,80,,,,,,,80,,,,,,,1054
,,,,,,94,,,,,,,94,,,,,,,1055
,,,,,,70,,,,,,,70,,,,,,,1056
,,,,,,76,,,,,,,76,,,,,,,1057
,,,,,,66,,,,,,,66,,,,,,,1058
,,,,,,82,,,,,,,82,,,,,,,1059
,,,,,,92,,,,,,,92,,,,,,,1060
,,,,,,88,,,,,,,,88,,,,,,1061
,,,,,,84,,,,,,,,84,,,,,,1062
,,,,,,90,,,,,,,,90,,,,,,1063
,,,,,,80,,,,,,,,80,,,,,,1064
,,,,,,94,,,,,,,,94,,,,,,1065
,,,,,,70,,,,,,,,70,,,,,,1066
,,,,,,76,,,,,,,,76,,,,,,1067
,,,,,,66,,,,,,,,66,,,,,,1068
,,,,,,82,,,,,,,,82,,,,,,1069
,,,,,,92,,,,,,,,92,,,,,,1070
,,,,,,88,,,,,,,,,88,,,,,1071
,,,,,,84,,,,,,,,,84,,,,,1072
,,,,,,90,,,,,,,,,90,,,,,1073
,,,,,,80,,,,,,,,,80,,,,,1074
,,,,,,94,,,,,,,,,94,,,,,1075
,,,,,,70,,,,,,,,,70,,,,,1076
,,,,,,76,,,,,,,,,76,,,,,1077
,,,,,,66,,,,,,,,,66,,,,,1078
,,,,,,82,,,,,,,,,82,,,,,1079
,,,,,,92,,,,,,,,,92,,,,,1080
,,,,,,88,,,,,,,,,,88,,,,1081
,,,,,,84,,,,,,,,,,84,,,,1082
,,,,,,90,,,,,,,,,,90,,,,1083
,,,,,,80,,,,,,,,,,80,,,,1084
,,,,,,94,,,,,,,,,,94,,,,1085
,,,,,,70,,,,,,,,,,70,,,,1086
,,,,,,76,,,,,,,,,,76,,,,1087
,,,,,,66,,,,,,,,,,66,,,,1088
,,,,,,82,,,,,,,,,,82,,,,1089
,,,,,,92,,,,,,,,,,92,,,,1090
,,,,,,88,,,,,,,,,,,88,,,1091
,,,,,,84,,,,,,,,,,,84,,,1092
,,,,,,90,,,,,,,,,,,90,,,1093
,,,,,,80,,,,,,,,,,,80,,,1094
,,,,,,94,,,,,,,,,,,94,,,1095
,,,,,,70,,,,,,,,,,,70,,,1096
,,,,,,76,,,,,,,,,,,76,,,1097
,,,,,,66,,,,,,,,,,,66,,,1098
,,,,,,82,,,,,,,,,,,82,,,1099
,,,,,,92,,,,,,,,,,,92,,,1100
,,,,,,88,,,,,,,,,,,,88,,1101
,,,,,,84,,,,,,,,,,,,84,,1102
,,,,,,90,,,,,,,,,,,,90,,1103
,,,,,,80,,,,,,,,,,,,80,,1104
,,,,,,94,,,,,,,,,,,,94,,1105
,,,,,,70,,,,,,,,,,,,70,,1106
,,,,,,76,,,,,,,,,,,,76,,1107
,,,,,,66,,,,,,,,,,,,66,,1108
,,,,,,82,,,,,,,,,,,,82,,1109
,,,,,,92,,,,,,,,,,,,92,,1110
,,,,,,88,,,,,,,,,,,,,88,1111
,,,,,,84,,,,,,,,,,,,,84,1112
,,,,,,90,,,,,,,,,,,,,90,1113
,,,,,,80,,,,,,,,,,,,,80,1114
,,,,,,94,,,,,,,,,,,,,94,1115
,,,,,,70,,,,,,,,,,,,,70,1116
,,,,,,76,,,,,,,,,,,,,76,1117
,,,,,,66,,,,,,,,,,,,,66,1118
,,,,,,82,,,,,,,,,,,,,82,1119
,,,,,,92,,,,,,,,,,,,,92,1120
,,,,,,,88,88,,,,,,,,,,,,1121
,,,,,,,84,84,,,,,,,,,,,,1122
,,,,,,,90,90,,,,,,,,,,,,1123
,,,,,,,80,80,,,,,,,,,,,,1124
,,,,,,,94,94,,,,,,,,,,,,1125
,,,,,,,70,70,,,,,,,,,,,,1126
,,,,,,,76,76,,,,,,,,,,,,1127
,,,,,,,66,66,,,,,,,,,,,,1128
,,,,,,,82,82,,,,,,,,,,,,1129
,,,,,,,92,92,,,,,,,,,,,,1130
,,,,,,,88,,88,,,,,,,,,,,1131
,,,,,,,84,,84,,,,,,,,,,,1132
,,,,,,,90,,90,,,,,,,,,,,1133
,,,,,,,80,,80,,,,,,,,,,,1134
,,,,,,,94,,94,,,,,,,,,,,1135
,,,,,,,70,,70,,,,,,,,,,,1136
,,,,,,,76,,76,,,,,,,,,,,1137
,,,,,,,66,,66,,,,,,,,,,,1138
,,,,,,,82,,82,,,,,,,,,,,1139
,,,,,,,92,,92,,,,,,,,,,,1140
,,,,,,,88,,,88,,,,,,,,,,1141
,,,,,,,84,,,84,,,,,,,,,,1142
,,,,,,,90,,,90,,,,,,,,,,1143
,,,,,,,80,,,80,,,,,,,,,,1144
,,,,,,,94,,,94,,,,,,,,,,1145
,,,,,,,70,,,70,,,,,,,,,,1146
,,,,,,,76,,,76,,,,,,,,,,1147
,,,,,,,66,,,66,,,,,,,,,,1148
,,,,,,,82,,,82,,,,,,,,,,1149
,,,,,,,92,,,92,,,,,,,,,,1150
,,,,,,,88,,,,88,,,,,,,,,1151
,,,,,,,84,,,,84,,,,,,,,,1152
,,,,,,,90,,,,90,,,,,,,,,1153
,,,,,,,80,,,,80,,,,,,,,,1154
,,,,,,,94,,,,94,,,,,,,,,1155
,,,,,,,70,,,,70,,,,,,,,,1156
,,,,,,,76,,,,76,,,,,,,,,1157
,,,,,,,66,,,,66,,,,,,,,,1158
,,,,,,,82,,,,82,,,,,,,,,1159
,,,,,,,92,,,,92,,,,,,,,,1160
,,,,,,,88,,,,,88,,,,,,,,1161
,,,,,,,84,,,,,84,,,,,,,,1162
,,,,,,,90,,,,,90,,,,,,,,1163
,,,,,,,80,,,,,80,,,,,,,,1164
,,,,,,,94,,,,,94,,,,,,,,1165
,,,,,,,70,,,,,70,,,,,,,,1166
,,,,,,,76,,,,,76,,,,,,,,1167
,,,,,,,66,,,,,66,,,,,,,,1168
,,,,,,,82,,,,,82,,,,,,,,1169
,,,,,,,92,,,,,92,,,,,,,,1170
,,,,,,,88,,,,,,88,,,,,,,1171
,,,,,,,84,,,,,,84,,,,,,,1172
,,,,,,,90,,,,,,90,,,,,,,1173
,,,,,,,80,,,,,,80,,,,,,,1174
,,,,,,,94,,,,,,94,,,,,,,1175
,,,,,,,70,,,,,,70,,,,,,,1176
,,,,,,,76,,,,,,76,,,,,,,1177
,,,,,,,66,,,,,,66,,,,,,,1178
,,,,,,,82,,,,,,82,,,,,,,1179
,,,,,,,92,,,,,,92,,,,,,,1180
,,,,,,,88,,,,,,,88,,,,,,1181
,,,,,,,84,,,,,,,84,,,,,,1182
,,,,,,,90,,,,,,,90,,,,,,1183
,,,,,,,80,,,,,,,80,,,,,,1184
,,,,,,,94,,,,,,,94,,,,,,1185
,,,,,,,70,,,,,,,70,,,,,,1186
,,,,,,,76,,,,,,,76,,,,,,1187
,,,,,,,66,,,,,,,66,,,,,,1188
,,,,,,,82,,,,,,,82,,,,,,1189
,,,,,,,92,,,,,,,92,,,,,,1190
,,,,,,,88,,,,,,,,88,,,,,1191
,,,,,,,84,,,,,,,,84,,,,,1192
,,,,,,,90,,,,,,,,90,,,,,1193
,,,,,,,80,,,,,,,,80,,,,,1194
,,,,,,,94,,,,,,,,94,,,,,1195
,,,,,,,70,,,,,,,,70,,,,,1196
,,,,,,,76,,,,,,,,76,,,,,1197
,,,,,,,66,,,,,,,,66,,,,,1198
,,,,,,,82,,,,,,,,82,,,,,1199
,,,,,,,92,,,,,,,,92,,,,,1200
,,,,,,,88,,,,,,,,,88,,,,1201
,,,,,,,84,,,,,,,,,84,,,,1202
,,,,,,,90,,,,,,,,,90,,,,1203
,,,,,,,80,,,,,,,,,80,,,,1204
,,,,,,,94,,,,,,,,,94,,,,1205
,,,,,,,70,,,,,,,,,70,,,,1206
,,,,,,,76,,,,,,,,,76,,,,1207
,,,,,,,66,,,,,,,,,66,,,,1208
,,,,,,,82,,,,,,,,,82,,,,1209
,,,,,,,92,,,,,,,,,92,,,,1210
,,,,,,,88,,,,,,,,,,88,,,1211
,,,,,,,84,,,,,,,,,,84,,,1212
,,,,,,,90,,,,,,,,,,90,,,1213
,,,,,,,80,,,,,,,,,,80,,,1214
,,,,,,,94,,,,,,,,,,94,,,1215
,,,,,,,70,,,,,,,,,,70,,,1216
,,,,,,,76,,,,,,,,,,76,,,1217
,,,,,,,66,,,,,,,,,,66,,,1218
,,,,,,,82,,,,,,,,,,82,,,1219
,,,,,,,92,,,,,,,,,,92,,,1220
,,,,,,,88,,,,,,,,,,,88,,1221
,,,,,,,84,,,,,,,,,,,84,,1222
,,,,,,,90,,,,,,,,,,,90,,1223
,,,,,,,80,,,,,,,,,,,80,,1224
,,,,,,,94,,,,,,,,,,,94,,1225
,,,,,,,70,,,,,,,,,,,70,,1226
,,,,,,,76,,,,,,,,,,,76,,1227
,,,,,,,66,,,,,,,,,,,66,,1228
,,,,,,,82,,,,,,,,,,,82,,1229
,,,,,,,92,,,,,,,,,,,92,,1230
,,,,,,,88,,,,,,,,,,,,88,1231
,,,,,,,84,,,,,,,,,,,,84,1232
,,,,,,,90,,,,,,,,,,,,90,1233
,,,,,,,80,,,,,,,,,,,,80,1234
,,,,,,,94,,,,,,,,,,,,94,1235
,,,,,,,70,,,,,,,,,,,,70,1236
,,,,,,,76,,,,,,,,,,,,76,1237
,,,,,,,66,,,,,,,,,,,,66,1238
,,,,,,,82,,,,,,,,,,,,82,1239
,,,,,,,92,,,,,,,,,,,,92,1240
,,,,,,,,88,88,,,,,,,,,,,1241
,,,,,,,,84,84,,,,,,,,,,,1242
,,,,,,,,90,90,,,,,,,,,,,1243
,,,,,,,,80,80,,,,,,,,,,,1244
,,,,,,,,94,94,,,,,,,,,,,1245
,,,,,,,,70,70,,,,,,,,,,,1246
,,,,,,,,76,76,,,,,,,,,,,1247
,,,,,,,,66,66,,,,,,,,,,,1248
,,,,,,,,82,82,,,,,,,,,,,1249
,,,,,,,,92,92,,,,,,,,,,,1250
,,,,,,,,88,,88,,,,,,,,,,1251
,,,,,,,,84,,84,,,,,,,,,,1252
,,,,,,,,90,,90,,,,,,,,,,1253
,,,,,,,,80,,80,,,,,,,,,,1254
,,,,,,,,94,,94,,,,,,,,,,1255
,,,,,,,,70,,70,,,,,,,,,,1256
,,,,,,,,76,,76,,,,,,,,,,1257
,,,,,,,,66,,66,,,,,,,,,,1258
,,,,,,,,82,,82,,,,,,,,,,1259
,,,,,,,,92,,92,,,,,,,,,,1260
,,,,,,,,88,,,88,,,,,,,,,1261
,,,,,,,,84,,,84,,,,,,,,,1262
,,,,,,,,90,,,90,,,,,,,,,1263
,,,,,,,,80,,,80,,,,,,,,,1264
,,,,,,,,94,,,94,,,,,,,,,1265
,,,,,,,,70,,,70,,,,,,,,,1266
,,,,,,,,76,,,76,,,,,,,,,1267
,,,,,,,,66,,,66,,,,,,,,,1268
,,,,,,,,82,,,82,,,,,,,,,1269
,,,,,,,,92,,,92,,,,,,,,,1270
,,,,,,,,88,,,,88,,,,,,,,1271
,,,,,,,,84,,,,84,,,,,,,,1272
,,,,,,,,90,,,,90,,,,,,,,1273
,,,,,,,,80,,,,80,,,,,,,,1274
,,,,,,,,94,,,,94,,,,,,,,1275
,,,,,,,,70,,,,70,,,,,,,,1276
,,,,,,,,76,,,,76,,,,,,,,1277
,,,,,,,,66,,,,66,,,,,,,,1278
,,,,,,,,82,,,,82,,,,,,,,1279
,,,,,,,,92,,,,92,,,,,,,,1280
,,,,,,,,88,,,,,88,,,,,,,1281
,,,,,,,,84,,,,,84,,,,,,,1282
,,,,,,,,90,,,,,90,,,,,,,1283
,,,,,,,,80,,,,,80,,,,,,,1284
,,,,,,,,94,,,,,94,,,,,,,1285
,,,,,,,,70,,,,,70,,,,,,,1286
,,,,,,,,76,,,,,76,,,,,,,1287
,,,,,,,,66,,,,,66,,,,,,,1288
,,,,,,,,82,,,,,82,,,,,,,1289
,,,,,,,,92,,,,,92,,,,,,,1290
,,,,,,,,88,,,,,,88,,,,,,1291
,,,,,,,,84,,,,,,84,,,,,,1292
,,,,,,,,90,,,,,,90,,,,,,1293
,,,,,,,,80,,,,,,80,,,,,,1294
,,,,,,,,94,,,,,,94,,,,,,1295
,,,,,,,,70,,,,,,70,,,,,,1296
,,,,,,,,76,,,,,,76,,,,,,1297
,,,,,,,,66,,,,,,66,,,,,,1298
,,,,,,,,82,,,,,,82,,,,,,1299
,,,,,,,,92,,,,,,92,,,,,,1300
,,,,,,,,88,,,,,,,88,,,,,1301
,,,,,,,,84,,,,,,,84,,,,,1302
,,,,,,,,90,,,,,,,90,,,,,1303
,,,,,,,,80,,,,,,,80,,,,,1304
,,,,,,,,94,,,,,,,94,,,,,1305
,,,,,,,,70,,,,,,,70,,,,,1306
,,,,,,,,76,,,,,,,76,,,,,1307
,,,,,,,,66,,,,,,,66,,,,,1308
,,,,,,,,82,,,,,,,82,,,,,1309
,,,,,,,,92,,,,,,,92,,,,,1310
,,,,,,,,88,,,,,,,,88,,,,1311
,,,,,,,,84,,,,,,,,84,,,,1312
,,,,,,,,90,,,,,,,,90,,,,1313
,,,,,,,,80,,,,,,,,80,,,,1314
,,,,,,,,94,,,,,,,,94,,,,1315
,,,,,,,,70,,,,,,,,70,,,,1316
,,,,,,,,76,,,,,,,,76,,,,1317
,,,,,,,,66,,,,,,,,66,,,,1318
,,,,,,,,82,,,,,,,,82,,,,1319
,,,,,,,,92,,,,,,,,92,,,,1320
,,,,,,,,88,,,,,,,,,88,,,1321
,,,,,,,,84,,,,,,,,,84,,,1322
,,,,,,,,90,,,,,,,,,90,,,1323
,,,,,,,,80,,,,,,,,,80,,,1324
,,,,,,,,94,,,,,,,,,94,,,1325
,,,,,,,,70,,,,,,,,,70,,,1326
,,,,,,,,76,,,,,,,,,76,,,1327
,,,,,,,,66,,,,,,,,,66,,,1328
,,,,,,,,82,,,,,,,,,82,,,1329
,,,,,,,,92,,,,,,,,,92,,,1330
,,,,,,,,88,,,,,,,,,,88,,1331
,,,,,,,,84,,,,,,,,,,84,,1332
,,,,,,,,90,,,,,,,,,,90,,1333
,,,,,,,,80,,,,,,,,,,80,,1334
,,,,,,,,94,,,,,,,,,,94,,1335
,,,,,,,,70,,,,,,,,,,70,,1336
,,,,,,,,76,,,,,,,,,,76,,1337
,,,,,,,,66,,,,,,,,,,66,,1338
,,,,,,,,82,,,,,,,,,,82,,1339
,,,,,,,,92,,,,,,,,,,92,,1340
,,,,,,,,88,,,,,,,,,,,88,1341
,,,,,,,,84,,,,,,,,,,,84,1342
,,,,,,,,90,,,,,,,,,,,90,1343
,,,,,,,,80,,,,,,,,,,,80,1344
,,,,,,,,94,,,,,,,,,,,94,1345
,,,,,,,,70,,,,,,,,,,,70,1346
,,,,,,,,76,,,,,,,,,,,76,1347
,,,,,,,,66,,,,,,,,,,,66,1348
,,,,,,,,82,,,,,,,,,,,82,1349
,,,,,,,,92,,,,,,,,,,,92,1350
,,,,,,,,,88,88,,,,,,,,,,1351
,,,,,,,,,84,84,,,,,,,,,,1352
,,,,,,,,,90,90,,,,,,,,,,1353
,,,,,,,,,80,80,,,,,,,,,,1354
,,,,,,,,,94,94,,,,,,,,,,1355
,,,,,,,,,70,70,,,,,,,,,,1356
,,,,,,,,,76,76,,,,,,,,,,1357
,,,,,,,,,66,66,,,,,,,,,,1358
,,,,,,,,,82,82,,,,,,,,,,1359
,,,,,,,,,92,92,,,,,,,,,,1360
,,,,,,,,,88,,88,,,,,,,,,1361
,,,,,,,,,84,,84,,,,,,,,,1362
,,,,,,,,,90,,90,,,,,,,,,1363
,,,,,,,,,80,,80,,,,,,,,,1364
,,,,,,,,,94,,94,,,,,,,,,1365
,,,,,,,,,70,,70,,,,,,,,,1366
,,,,,,,,,76,,76,,,,,,,,,1367
,,,,,,,,,66,,66,,,,,,,,,1368
,,,,,,,,,82,,82,,,,,,,,,1369
,,,,,,,,,92,,92,,,,,,,,,1370
,,,,,,,,,88,,,88,,,,,,,,1371
,,,,,,,,,84,,,84,,,,,,,,1372
,,,,,,,,,90,,,90,,,,,,,,1373
,,,,,,,,,80,,,80,,,,,,,,1374
,,,,,,,,,94,,,94,,,,,,,,1375
,,,,,,,,,70,,,70,,,,,,,,1376
,,,,,,,,,76,,,76,,,,,,,,1377
,,,,,,,,,66,,,66,,,,,,,,1378
,,,,,,,,,82,,,82,,,,,,,,1379
,,,,,,,,,92,,,92,,,,,,,,1380
,,,,,,,,,88,,,,88,,,,,,,1381
,,,,,,,,,84,,,,84,,,,,,,1382
,,,,,,,,,90,,,,90,,,,,,,1383
,,,,,,,,,80,,,,80,,,,,,,1384
,,,,,,,,,94,,,,94,,,,,,,1385
,,,,,,,,,70,,,,70,,,,,,,1386
,,,,,,,,,76,,,,76,,,,,,,1387
,,,,,,,,,66,,,,66,,,,,,,1388
,,,,,,,,,82,,,,82,,,,,,,1389
,,,,,,,,,92,,,,92,,,,,,,1390
,,,,,,,,,88,,,,,88,,,,,,1391
,,,,,,,,,84,,,,,84,,,,,,1392
,,,,,,,,,90,,,,,90,,,,,,1393
,,,,,,,,,80,,,,,80,,,,,,1394
,,,,,,,,,94,,,,,94,,,,,,1395
,,,,,,,,,70,,,,,70,,,,,,1396
,,,,,,,,,76,,,,,76,,,,,,1397
,,,,,,,,,66,,,,,66,,,,,,1398
,,,,,,,,,82,,,,,82,,,,,,1399
,,,,,,,,,92,,,,,92,,,,,,1400
,,,,,,,,,88,,,,,,88,,,,,1401
,,,,,,,,,84,,,,,,84,,,,,1402
,,,,,,,,,90,,,,,,90,,,,,1403
,,,,,,,,,80,,,,,,80,,,,,1404
,,,,,,,,,94,,,,,,94,,,,,1405
,,,,,,,,,70,,,,,,70,,,,,1406
,,,,,,,,,76,,,,,,76,,,,,1407
,,,,,,,,,66,,,,,,66,,,,,1408
,,,,,,,,,82,,,,,,82,,,,,1409
,,,,,,,,,92,,,,,,92,,,,,1410
,,,,,,,,,88,,,,,,,88,,,,1411
,,,,,,,,,84,,,,,,,84,,,,1412
,,,,,,,,,90,,,,,,,90,,,,1413
,,,,,,,,,80,,,,,,,80,,,,1414
,,,,,,,,,94,,,,,,,94,,,,1415
,,,,,,,,,70,,,,,,,70,,,,1416
,,,,,,,,,76,,,,,,,76,,,,1417
,,,,,,,,,66,,,,,,,66,,,,1418
,,,,,,,,,82,,,,,,,82,,,,1419
,,,,,,,,,92,,,,,,,92,,,,1420
,,,,,,,,,88,,,,,,,,88,,,1421
,,,,,,,,,84,,,,,,,,84,,,1422
,,,,,,,,,90,,,,,,,,90,,,1423
,,,,,,,,,80,,,,,,,,80,,,1424
,,,,,,,,,94,,,,,,,,94,,,1425
,,,,,,,,,70,,,,,,,,70,,,1426
,,,,,,,,,76,,,,,,,,76,,,1427
,,,,,,,,,66,,,,,,,,66,,,1428
,,,,,,,,,82,,,,,,,,82,,,1429
,,,,,,,,,92,,,,,,,,92,,,1430
,,,,,,,,,88,,,,,,,,,88,,1431
,,,,,,,,,84,,,,,,,,,84,,1432
,,,,,,,,,90,,,,,,,,,90,,1433
,,,,,,,,,80,,,,,,,,,80,,1434
,,,,,,,,,94,,,,,,,,,94,,1435
,,,,,,,,,70,,,,,,,,,70,,1436
,,,,,,,,,76,,,,,,,,,76,,1437
,,,,,,,,,66,,,,,,,,,66,,1438
,,,,,,,,,82,,,,,,,,,82,,1439
,,,,,,,,,92,,,,,,,,,92,,1440
,,,,,,,,,88,,,,,,,,,,88,1441
,,,,,,,,,84,,,,,,,,,,84,1442
,,,,,,,,,90,,,,,,,,,,90,1443
,,,,,,,,,80,,,,,,,,,,80,1444
,,,,,,,,,94,,,,,,,,,,94,1445
,,,,,,,,,70,,,,,,,,,,70,1446
,,,,,,,,,76,,,,,,,,,,76,1447
,,,,,,,,,66,,,,,,,,,,66,1448
,,,,,,,,,82,,,,,,,,,,82,1449
,,,,,,,,,92,,,,,,,,,,92,1450
,,,,,,,,,,88,88,,,,,,,,,1451
,,,,,,,,,,84,84,,,,,,,,,1452
,,,,,,,,,,90,90,,,,,,,,,1453
,,,,,,,,,,80,80,,,,,,,,,1454
,,,,,,,,,,94,94,,,,,,,,,1455
,,,,,,,,,,70,70,,,,,,,,,1456
,,,,,,,,,,76,76,,,,,,,,,1457
,,,,,,,,,,66,66,,,,,,,,,1458
,,,,,,,,,,82,82,,,,,,,,,1459
,,,,,,,,,,92,92,,,,,,,,,1460
,,,,,,,,,,88,,88,,,,,,,,1461
,,,,,,,,,,84,,84,,,,,,,,1462
,,,,,,,,,,90,,90,,,,,,,,1463
,,,,,,,,,,80,,80,,,,,,,,1464
,,,,,,,,,,94,,94,,,,,,,,1465
,,,,,,,,,,70,,70,,,,,,,,1466
,,,,,,,,,,76,,76,,,,,,,,1467
,,,,,,,,,,66,,66,,,,,,,,1468
,,,,,,,,,,82,,82,,,,,,,,1469
,,,,,,,,,,92,,92,,,,,,,,1470
,,,,,,,,,,88,,,88,,,,,,,1471
,,,,,,,,,,84,,,84,,,,,,,1472
,,,,,,,,,,90,,,90,,,,,,,1473
,,,,,,,,,,80,,,80,,,,,,,1474
,,,,,,,,,,94,,,94,,,,,,,1475
,,,,,,,,,,70,,,70,,,,,,,1476
,,,,,,,,,,76,,,76,,,,,,,1477
,,,,,,,,,,66,,,66,,,,,,,1478
,,,,,,,,,,82,,,82,,,,,,,1479
,,,,,,,,,,92,,,92,,,,,,,1480
,,,,,,,,,,88,,,,88,,,,,,1481
,,,,,,,,,,84,,,,84,,,,,,1482
,,,,,,,,,,90,,,,90,,,,,,1483
,,,,,,,,,,80,,,,80,,,,,,1484
,,,,,,,,,,94,,,,94,,,,,,1485
,,,,,,,,,,70,,,,70,,,,,,1486
,,,,,,,,,,76,,,,76,,,,,,1487
,,,,,,,,,,66,,,,66,,,,,,1488
,,,,,,,,,,82,,,,82,,,,,,1489
,,,,,,,,,,92,,,,92,,,,,,1490
,,,,,,,,,,88,,,,,88,,,,,1491
,,,,,,,,,,84,,,,,84,,,,,1492
,,,,,,,,,,90,,,,,90,,,,,1493
,,,,,,,,,,80,,,,,80,,,,,1494
,,,,,,,,,,94,,,,,94,,,,,1495
,,,,,,,,,,70,,,,,70,,,,,1496
,,,,,,,,,,76,,,,,76,,,,,1497
,,,,,,,,,,66,,,,,66,,,,,1498
,,,,,,,,,,82,,,,,82,,,,,1499
,,,,,,,,,,92,,,,,92,,,,,1500
,,,,,,,,,,88,,,,,,88,,,,1501
,,,,,,,,,,84,,,,,,84,,,,1502
,,,,,,,,,,90,,,,,,90,,,,1503
,,,,,,,,,,80,,,,,,80,,,,1504
,,,,,,,,,,94,,,,,,94,,,,1505
,,,,,,,,,,70,,,,,,70,,,,1506
,,,,,,,,,,76,,,,,,76,,,,1507
,,,,,,,,,,66,,,,,,66,,,,1508
,,,,,,,,,,82,,,,,,82,,,,1509
,,,,,,,,,,92,,,,,,92,,,,1510
,,,,,,,,,,88,,,,,,,88,,,1511
,,,,,,,,,,84,,,,,,,84,,,1512
,,,,,,,,,,90,,,,,,,90,,,1513
,,,,,,,,,,80,,,,,,,80,,,1514
,,,,,,,,,,94,,,,,,,94,,,1515
,,,,,,,,,,70,,,,,,,70,,,1516
,,,,,,,,,,76,,,,,,,76,,,1517
,,,,,,,,,,66,,,,,,,66,,,1518
,,,,,,,,,,82,,,,,,,82,,,1519
,,,,,,,,,,92,,,,,,,92,,,1520
,,,,,,,,,,88,,,,,,,,88,,1521
,,,,,,,,,,84,,,,,,,,84,,1522
,,,,,,,,,,90,,,,,,,,90,,1523
,,,,,,,,,,80,,,,,,,,80,,1524
,,,,,,,,,,94,,,,,,,,94,,1525
,,,,,,,,,,70,,,,,,,,70,,1526
,,,,,,,,,,76,,,,,,,,76,,1527
,,,,,,,,,,66,,,,,,,,66,,1528
,,,,,,,,,,82,,,,,,,,82,,1529
,,,,,,,,,,92,,,,,,,,92,,1530
,,,,,,,,,,88,,,,,,,,,88,1531
,,,,,,,,,,84,,,,,,,,,84,1532
,,,,,,,,,,90,,,,,,,,,90,1533
,,,,,,,,,,80,,,,,,,,,80,1534
,,,,,,,,,,94,,,,,,,,,94,1535
,,,,,,,,,,70,,,,,,,,,70,1536
,,,,,,,,,,76,,,,,,,,,76,1537
,,,,,,,,,,66,,,,,,,,,66,1538
,,,,,,,,,,82,,,,,,,,,82,1539
,,,,,,,,,,92,,,,,,,,,92,1540
,,,,,,,,,,,88,88,,,,,,,,1541
,,,,,,,,,,,84,84,,,,,,,,1542
,,,,,,,,,,,90,90,,,,,,,,1543
,,,,,,,,,,,80,80,,,,,,,,1544
,,,,,,,,,,,94,94,,,,,,,,1545
,,,,,,,,,,,70,70,,,,,,,,1546
,,,,,,,,,,,76,76,,,,,,,,1547
,,,,,,,,,,,66,66,,,,,,,,1548
,,,,,,,,,,,82,82,,,,,,,,1549
,,,,,,,,,,,92,92,,,,,,,,1550
,,,,,,,,,,,88,,88,,,,,,,1551
,,,,,,,,,,,84,,84,,,,,,,1552
,,,,,,,,,,,90,,90,,,,,,,1553
,,,,,,,,,,,80,,80,,,,,,,1554
,,,,,,,,,,,94,,94,,,,,,,1555
,,,,,,,,,,,70,,70,,,,,,,1556
,,,,,,,,,,,76,,76,,,,,,,1557
,,,,,,,,,,,66,,66,,,,,,,1558
,,,,,,,,,,,82,,82,,,,,,,1559
,,,,,,,,,,,92,,92,,,,,,,1560
,,,,,,,,,,,88,,,88,,,,,,1561
,,,,,,,,,,,84,,,84,,,,,,1562
,,,,,,,,,,,90,,,90,,,,,,1563
,,,,,,,,,,,80,,,80,,,,,,1564
,,,,,,,,,,,94,,,94,,,,,,1565
,,,,,,,,,,,70,,,70,,,,,,1566
,,,,,,,,,,,76,,,76,,,,,,1567
,,,,,,,,,,,66,,,66,,,,,,1568
,,,,,,,,,,,82,,,82,,,,,,1569
,,,,,,,,,,,92,,,92,,,,,,1570
,,,,,,,,,,,88,,,,88,,,,,1571
,,,,,,,,,,,84,,,,84,,,,,1572
,,,,,,,,,,,90,,,,90,,,,,1573
,,,,,,,,,,,80,,,,80,,,,,1574
,,,,,,,,,,,94,,,,94,,,,,1575
,,,,,,,,,,,70,,,,70,,,,,1576
,,,,,,,,,,,76,,,,76,,,,,1577
,,,,,,,,,,,66,,,,66,,,,,1578
,,,,,,,,,,,82,,,,82,,,,,1579
,,,,,,,,,,,92,,,,92,,,,,1580
,,,,,,,,,,,88,,,,,88,,,,1581
,,,,,,,,,,,84,,,,,84,,,,1582
,,,,,,,,,,,90,,,,,90,,,,1583
,,,,,,,,,,,80,,,,,80,,,,1584
,,,,,,,,,,,94,,,,,94,,,,1585
,,,,,,,,,,,70,,,,,70,,,,1586
,,,,,,,,,,,76,,,,,76,,,,1587
,,,,,,,,,,,66,,,,,66,,,,1588
,,,,,,,,,,,82,,,,,82,,,,1589
,,,,,,,,,,,92,,,,,92,,,,1590
,,,,,,,,,,,88,,,,,,88,,,1591
,,,,,,,,,,,84,,,,,,84,,,1592
,,,,,,,,,,,90,,,,,,90,,,1593
,,,,,,,,,,,80,,,,,,80,,,1594
,,,,,,,,,,,94,,,,,,94,,,1595
,,,,,,,,,,,70,,,,,,70,,,1596
,,,,,,,,,,,76,,,,,,76,,,1597
,,,,,,,,,,,66,,,,,,66,,,1598
,,,,,,,,,,,82,,,,,,82,,,1599
,,,,,,,,,,,92,,,,,,92,,,1600
,,,,,,,,,,,88,,,,,,,88,,1601
,,,,,,,,,,,84,,,,,,,84,,1602
,,,,,,,,,,,90,,,,,,,90,,1603
,,,,,,,,,,,80,,,,,,,80,,1604
,,,,,,,,,,,94,,,,,,,94,,1605
,,,,,,,,,,,70,,,,,,,70,,1606
,,,,,,,,,,,76,,,,,,,76,,1607
,,,,,,,,,,,66,,,,,,,66,,1608
,,,,,,,,,,,82,,,,,,,82,,1609
,,,,,,,,,,,92,,,,,,,92,,1610
,,,,,,,,,,,88,,,,,,,,88,1611
,,,,,,,,,,,84,,,,,,,,84,1612
,,,,,,,,,,,90,,,,,,,,90,1613
,,,,,,,,,,,80,,,,,,,,80,1614
,,,,,,,,,,,94,,,,,,,,94,1615
,,,,,,,,,,,70,,,,,,,,70,1616
,,,,,,,,,,,76,,,,,,,,76,1617
,,,,,,,,,,,66,,,,,,,,66,1618
,,,,,,,,,,,82,,,,,,,,82,1619
,,,,,,,,,,,92,,,,,,,,92,1620
,,,,,,,,,,,,88,88,,,,,,,1621
,,,,,,,,,,,,84,84,,,,,,,1622
,,,,,,,,,,,,90,90,,,,,,,1623
,,,,,,,,,,,,80,80,,,,,,,1624
,,,,,,,,,,,,94,94,,,,,,,1625
,,,,,,,,,,,,70,70,,,,,,,1626
,,,,,,,,,,,,76,76,,,,,,,1627
,,,,,,,,,,,,66,66,,,,,,,1628
,,,,,,,,,,,,82,82,,,,,,,1629
,,,,,,,,,,,,92,92,,,,,,,1630
,,,,,,,,,,,,88,,88,,,,,,1631
,,,,,,,,,,,,84,,84,,,,,,1632
,,,,,,,,,,,,90,,90,,,,,,1633
,,,,,,,,,,,,80,,80,,,,,,1634
,,,,,,,,,,,,94,,94,,,,,,1635
,,,,,,,,,,,,70,,70,,,,,,1636
,,,,,,,,,,,,76,,76,,,,,,1637
,,,,,,,,,,,,66,,66,,,,,,1638
,,,,,,,,,,,,82,,82,,,,,,1639
,,,,,,,,,,,,92,,92,,,,,,1640
,,,,,,,,,,,,88,,,88,,,,,1641
,,,,,,,,,,,,84,,,84,,,,,1642
,,,,,,,,,,,,90,,,90,,,,,1643
,,,,,,,,,,,,80,,,80,,,,,1644
,,,,,,,,,,,,94,,,94,,,,,1645
,,,,,,,,,,,,70,,,70,,,,,1646
,,,,,,,,,,,,76,,,76,,,,,1647
,,,,,,,,,,,,66,,,66,,,,,1648
,,,,,,,,,,,,82,,,82,,,,,1649
,,,,,,,,,,,,92,,,92,,,,,1650
,,,,,,,,,,,,88,,,,88,,,,1651
,,,,,,,,,,,,84,,,,84,,,,1652
,,,,,,,,,,,,90,,,,90,,,,1653
,,,,,,,,,,,,80,,,,80,,,,1654
,,,,,,,,,,,,94,,,,94,,,,1655
,,,,,,,,,,,,70,,,,70,,,,1656
,,,,,,,,,,,,76,,,,76,,,,1657
,,,,,,,,,,,,66,,,,66,,,,1658
,,,,,,,,,,,,82,,,,82,,,,1659
,,,,,,,,,,,,92,,,,92,,,,1660
,,,,,,,,,,,,88,,,,,88,,,1661
,,,,,,,,,,,,84,,,,,84,,,1662
,,,,,,,,,,,,90,,,,,90,,,1663
,,,,,,,,,,,,80,,,,,80,,,1664
,,,,,,,,,,,,94,,,,,94,,,1665
,,,,,,,,,,,,70,,,,,70,,,1666
,,,,,,,,,,,,76,,,,,76,,,1667
,,,,,,,,,,,,66,,,,,66,,,1668
,,,,,,,,,,,,82,,,,,82,,,1669
,,,,,,,,,,,,92,,,,,92,,,1670
,,,,,,,,,,,,88,,,,,,88,,1671
,,,,,,,,,,,,84,,,,,,84,,1672
,,,,,,,,,,,,90,,,,,,90,,1673
,,,,,,,,,,,,80,,,,,,80,,1674
,,,,,,,,,,,,94,,,,,,94,,1675
,,,,,,,,,,,,70,,,,,,70,,1676
,,,,,,,,,,,,76,,,,,,76,,1677
,,,,,,,,,,,,66,,,,,,66,,1678
,,,,,,,,,,,,82,,,,,,82,,1679
,,,,,,,,,,,,92,,,,,,92,,1680
,,,,,,,,,,,,88,,,,,,,88,1681
,,,,,,,,,,,,84,,,,,,,84,1682
,,,,,,,,,,,,90,,,,,,,90,1683
,,,,,,,,,,,,80,,,,,,,80,1684
,,,,,,,,,,,,94,,,,,,,94,1685
,,,,,,,,,,,,70,,,,,,,70,1686
,,,,,,,,,,,,76,,,,,,,76,1687
,,,,,,,,,,,,66,,,,,,,66,1688
,,,,,,,,,,,,82,,,,,,,82,1689
,,,,,,,,,,,,92,,,,,,,92,1690
,,,,,,,,,,,,,88,88,,,,,,1691
,,,,,,,,,,,,,84,84,,,,,,1692
,,,,,,,,,,,,,90,90,,,,,,1693
,,,,,,,,,,,,,80,80,,,,,,1694
,,,,,,,,,,,,,94,94,,,,,,1695
,,,,,,,,,,,,,70,70,,,,,,1696
,,,,,,,,,,,,,76,76,,,,,,1697
,,,,,,,,,,,,,66,66,,,,,,1698
,,,,,,,,,,,,,82,82,,,,,,1699
,,,,,,,,,,,,,92,92,,,,,,1700
,,,,,,,,,,,,,88,,88,,,,,1701
,,,,,,,,,,,,,84,,84,,,,,1702
,,,,,,,,,,,,,90,,90,,,,,1703
,,,,,,,,,,,,,80,,80,,,,,1704
,,,,,,,,,,,,,94,,94,,,,,1705
,,,,,,,,,,,,,70,,70,,,,,1706
,,,,,,,,,,,,,76,,76,,,,,1707
,,,,,,,,,,,,,66,,66,,,,,1708
,,,,,,,,,,,,,82,,82,,,,,1709
,,,,,,,,,,,,,92,,92,,,,,1710
,,,,,,,,,,,,,88,,,88,,,,1711
,,,,,,,,,,,,,84,,,84,,,,1712
,,,,,,,,,,,,,90,,,90,,,,1713
,,,,,,,,,,,,,80,,,80,,,,1714
,,,,,,,,,,,,,94,,,94,,,,1715
,,,,,,,,,,,,,70,,,70,,,,1716
,,,,,,,,,,,,,76,,,76,,,,1717
,,,,,,,,,,,,,66,,,66,,,,1718
,,,,,,,,,,,,,82,,,82,,,,1719
,,,,,,,,,,,,,92,,,92,,,,1720
,,,,,,,,,,,,,88,,,,88,,,1721
,,,,,,,,,,,,,84,,,,84,,,1722
,,,,,,,,,,,,,90,,,,90,,,1723
,,,,,,,,,,,,,80,,,,80,,,1724
,,,,,,,,,,,,,94,,,,94,,,1725
,,,,,,,,,,,,,70,,,,70,,,1726
,,,,,,,,,,,,,76,,,,76,,,1727
,,,,,,,,,,,,,66,,,,66,,,1728
,,,,,,,,,,,,,82,,,,82,,,1729
,,,,,,,,,,,,,92,,,,92,,,1730
,,,,,,,,,,,,,88,,,,,88,,1731
,,,,,,,,,,,,,84,,,,,84,,1732
,,,,,,,,,,,,,90,,,,,90,,1733
,,,,,,,,,,,,,80,,,,,80,,1734
,,,,,,,,,,,,,94,,,,,94,,1735
,,,,,,,,,,,,,70,,,,,70,,1736
,,,,,,,,,,,,,76,,,,,76,,1737
,,,,,,,,,,,,,66,,,,,66,,1738
,,,,,,,,,,,,,82,,,,,82,,1739
,,,,,,,,,,,,,92,,,,,92,,1740
,,,,,,,,,,,,,88,,,,,,88,1741
,,,,,,,,,,,,,84,,,,,,84,1742
,,,,,,,,,,,,,90,,,,,,90,1743
,,,,,,,,,,,,,80,,,,,,80,1744
,,,,,,,,,,,,,94,,,,,,94,1745
,,,,,,,,,,,,,70,,,,,,70,1746
,,,,,,,,,,,,,76,,,,,,76,1747
,,,,,,,,,,,,,66,,,,,,66,1748
,,,,,,,,,,,,,82,,,,,,82,1749
,,,,,,,,,,,,,92,,,,,,92,1750
,,,,,,,,,,,,,,88,88,,,,,1751
,,,,,,,,,,,,,,84,84,,,,,1752
,,,,,,,,,,,,,,90,90,,,,,1753
,,,,,,,,,,,,,,80,80,,,,,1754
,,,,,,,,,,,,,,94,94,,,,,1755
,,,,,,,,,,,,,,70,70,,,,,1756
,,,,,,,,,,,,,,76,76,,,,,1757
,,,,,,,,,,,,,,66,66,,,,,1758
,,,,,,,,,,,,,,82,82,,,,,1759
,,,,,,,,,,,,,,92,92,,,,,1760
,,,,,,,,,,,,,,88,,88,,,,1761
,,,,,,,,,,,,,,84,,84,,,,1762
,,,,,,,,,,,,,,90,,90,,,,1763
,,,,,,,,,,,,,,80,,80,,,,1764
,,,,,,,,,,,,,,94,,94,,,,1765
,,,,,,,,,,,,,,70,,70,,,,1766
,,,,,,,,,,,,,,76,,76,,,,1767
,,,,,,,,,,,,,,66,,66,,,,1768
,,,,,,,,,,,,,,82,,82,,,,1769
,,,,,,,,,,,,,,92,,92,,,,1770
,,,,,,,,,,,,,,88,,,88,,,1771
,,,,,,,,,,,,,,84,,,84,,,1772
,,,,,,,,,,,,,,90,,,90,,,1773
,,,,,,,,,,,,,,80,,,80,,,1774
,,,,,,,,,,,,,,94,,,94,,,1775
,,,,,,,,,,,,,,70,,,70,,,1776
,,,,,,,,,,,,,,76,,,76,,,1777
,,,,,,,,,,,,,,66,,,66,,,1778
,,,,,,,,,,,,,,82,,,82,,,1779
,,,,,,,,,,,,,,92,,,92,,,1780
,,,,,,,,,,,,,,88,,,,88,,1781
,,,,,,,,,,,,,,84,,,,84,,1782
,,,,,,,,,,,,,,90,,,,90,,1783
,,,,,,,,,,,,,,80,,,,80,,1784
,,,,,,,,,,,,,,94,,,,94,,1785
,,,,,,,,,,,,,,70,,,,70,,1786
,,,,,,,,,,,,,,76,,,,76,,1787
,,,,,,,,,,,,,,66,,,,66,,1788
,,,,,,,,,,,,,,82,,,,82,,1789
,,,,,,,,,,,,,,92,,,,92,,1790
,,,,,,,,,,,,,,88,,,,,88,1791
,,,,,,,,,,,,,,84,,,,,84,1792
,,,,,,,,,,,,,,90,,,,,90,1793
,,,,,,,,,,,,,,80,,,,,80,1794
,,,,,,,,,,,,,,94,,,,,94,1795
,,,,,,,,,,,,,,70,,,,,70,1796
,,,,,,,,,,,,,,76,,,,,76,1797
,,,,,,,,,,,,,,66,,,,,66,1798
,,,,,,,,,,,,,,82,,,,,82,1799
,,,,,,,,,,,,,,92,,,,,92,1800
,,,,,,,,,,,,,,,88,88,,,,1801
,,,,,,,,,,,,,,,84,84,,,,1802
,,,,,,,,,,,,,,,90,90,,,,1803
,,,,,,,,,,,,,,,80,80,,,,1804
,,,,,,,,,,,,,,,94,94,,,,1805
,,,,,,,,,,,,,,,70,70,,,,1806
,,,,,,,,,,,,,,,76,76,,,,1807
,,,,,,,,,,,,,,,66,66,,,,1808
,,,,,,,,,,,,,,,82,82,,,,1809
,,,,,,,,,,,,,,,92,92,,,,1810
,,,,,,,,,,,,,,,88,,88,,,1811
,,,,,,,,,,,,,,,84,,84,,,1812
,,,,,,,,,,,,,,,90,,90,,,1813
,,,,,,,,,,,,,,,80,,80,,,1814
,,,,,,,,,,,,,,,94,,94,,,1815
,,,,,,,,,,,,,,,70,,70,,,1816
,,,,,,,,,,,,,,,76,,76,,,1817
,,,,,,,,,,,,,,,66,,66,,,1818
,,,,,,,,,,,,,,,82,,82,,,1819
,,,,,,,,,,,,,,,92,,92,,,1820
,,,,,,,,,,,,,,,88,,,88,,1821
,,,,,,,,,,,,,,,84,,,84,,1822
,,,,,,,,,,,,,,,90,,,90,,1823
,,,,,,,,,,,,,,,80,,,80,,1824
,,,,,,,,,,,,,,,94,,,94,,1825
,,,,,,,,,,,,,,,70,,,70,,1826
,,,,,,,,,,,,,,,76,,,76,,1827
,,,,,,,,,,,,,,,66,,,66,,1828
,,,,,,,,,,,,,,,82,,,82,,1829
,,,,,,,,,,,,,,,92,,,92,,1830
,,,,,,,,,,,,,,,88,,,,88,1831
,,,,,,,,,,,,,,,84,,,,84,1832
,,,,,,,,,,,,,,,90,,,,90,1833
,,,,,,,,,,,,,,,80,,,,80,1834
,,,,,,,,,,,,,,,94,,,,94,1835
,,,,,,,,,,,,,,,70,,,,70,1836
,,,,,,,,,,,,,,,76,,,,76,1837
,,,,,,,,,,,,,,,66,,,,66,1838
,,,,,,,,,,,,,,,82,,,,82,1839
,,,,,,,,,,,,,,,92,,,,92,1840
,,,,,,,,,,,,,,,,88,88,,,1841
,,,,,,,,,,,,,,,,84,84,,,1842
,,,,,,,,,,,,,,,,90,90,,,1843
,,,,,,,,,,,,,,,,80,80,,,1844
,,,,,,,,,,,,,,,,94,94,,,1845
,,,,,,,,,,,,,,,,70,70,,,1846
,,,,,,,,,,,,,,,,76,76,,,1847
,,,,,,,,,,,,,,,,66,66,,,1848
,,,,,,,,,,,,,,,,82,82,,,1849
,,,,,,,,,,,,,,,,92,92,,,1850
,,,,,,,,,,,,,,,,88,,88,,1851
,,,,,,,,,,,,,,,,84,,84,,1852
,,,,,,,,,,,,,,,,90,,90,,1853
,,,,,,,,,,,,,,,,80,,80,,1854
,,,,,,,,,,,,,,,,94,,94,,1855
,,,,,,,,,,,,,,,,70,,70,,1856
,,,,,,,,,,,,,,,,76,,76,,1857
,,,,,,,,,,,,,,,,66,,66,,1858
,,,,,,,,,,,,,,,,82,,82,,1859
,,,,,,,,,,,,,,,,92,,92,,1860
,,,,,,,,,,,,,,,,88,,,88,1861
,,,,,,,,,,,,,,,,84,,,84,1862
,,,,,,,,,,,,,,,,90,,,90,1863
,,,,,,,,,,,,,,,,80,,,80,1864
,,,,,,,,,,,,,,,,94,,,94,1865
,,,,,,,,,,,,,,,,70,,,70,1866
,,,,,,,,,,,,,,,,76,,,76,1867
,,,,,,,,,,,,,,,,66,,,66,1868
,,,,,,,,,,,,,,,,82,,,82,1869
,,,,,,,,,,,,,,,,92,,,92,1870
,,,,,,,,,,,,,,,,,88,88,,1871
,,,,,,,,,,,,,,,,,84,84,,1872
,,,,,,,,,,,,,,,,,90,90,,1873
,,,,,,,,,,,,,,,,,80,80,,1874
,,,,,,,,,,,,,,,,,94,94,,1875
,,,,,,,,,,,,,,,,,70,70,,1876
,,,,,,,,,,,,,,,,,76,76,,1877
,,,,,,,,,,,,,,,,,66,66,,1878
,,,,,,,,,,,,,,,,,82,82,,1879
,,,,,,,,,,,,,,,,,92,92,,1880
,,,,,,,,,,,,,,,,,88,,88,1881
,,,,,,,,,,,,,,,,,84,,84,1882
,,,,,,,,,,,,,,,,,90,,90,1883
,,,,,,,,,,,,,,,,,80,,80,1884
,,,,,,,,,,,,,,,,,94,,94,1885
,,,,,,,,,,,,,,,,,70,,70,1886
,,,,,,,,,,,,,,,,,76,,76,1887
,,,,,,,,,,,,,,,,,66,,66,1888
,,,,,,,,,,,,,,,,,82,,82,1889
,,,,,,,,,,,,,,,,,92,,92,1890
,,,,,,,,,,,,,,,,,,88,88,1891
,,,,,,,,,,,,,,,,,,84,84,1892
,,,,,,,,,,,,,,,,,,90,90,1893
,,,,,,,,,,,,,,,,,,80,80,1894
,,,,,,,,,,,,,,,,,,94,94,1895
,,,,,,,,,,,,,,,,,,70,70,1896
,,,,,,,,,,,,,,,,,,76,76,1897
,,,,,,,,,,,,,,,,,,66,66,1898
,,,,,,,,,,,,,,,,,,82,82,1899
,,,,,,,,,,,,,,,,,,92,92,1900
